subject,rank,genuine,max_impostor
002.LeDuong_BL,15,0.74772,0.78680
002.LeDuong_BL,1,0.66327,0.64903
002.LeDuong_BL,16,0.73707,0.77435
002.LeDuong_BL,16,0.77004,0.79417
002.LeDuong_BL,11,0.81338,0.86293
002.LeDuong_BL,12,0.78788,0.81898
002.LeDuong_BL,9,0.61628,0.63530
002.LeDuong_BL,1,0.66762,0.65613
002.LeDuong_BL,3,0.77236,0.79093
002.LeDuong_BL,1,0.75910,0.75041
002.LeDuong_BL,1,0.68451,0.66115
002.LeDuong_BL,5,0.79912,0.81846
002.LeDuong_BL,10,0.77429,0.79888
002.LeDuong_BL,7,0.76675,0.78491
002.LeDuong_BL,16,0.74513,0.78328
002.LeDuong_BL,3,0.69763,0.70216
002.LeDuong_BL,4,0.82033,0.83290
002.LeDuong_BL,5,0.82254,0.83946
002.LeDuong_BL,14,0.78039,0.83090
002.LeDuong_BL,15,0.74473,0.79017
002.LeDuong_BL,1,0.74727,0.74384
002.LeDuong_BL,16,0.72401,0.75327
002.LeDuong_BL,1,0.75465,0.74861
002.LeDuong_BL,9,0.74972,0.77836
002.LeDuong_BL,24,0.78925,0.84157
002.LeDuong_BL,38,0.75136,0.82011
002.LeDuong_BL,2,0.81875,0.82455
002.LeDuong_BL,12,0.79914,0.82889
002.LeDuong_BL,27,0.74968,0.83095
002.LeDuong_BL,34,0.75688,0.84278
002.LeDuong_BL,7,0.81081,0.83037
002.LeDuong_BL,1,0.74183,0.73888
002.LeDuong_BL,1,0.74004,0.73821
002.LeDuong_BL,29,0.80547,0.85102
002.LeDuong_BL,1,0.73950,0.72150
002.LeDuong_BL,27,0.77637,0.84368
002.LeDuong_BL,2,0.64537,0.64587
002.LeDuong_BL,1,0.69139,0.68759
002.LeDuong_BL,1,0.73030,0.70885
002.LeDuong_BL,2,0.75769,0.76522
002.LeDuong_BL,30,0.74700,0.78999
002.LeDuong_BL,1,0.73327,0.73083
002.LeDuong_BL,20,0.77507,0.81948
002.LeDuong_BL,1,0.80149,0.80074
002.LeDuong_BL,1,0.77107,0.76830
002.LeDuong_BL,42,0.72819,0.82329
002.LeDuong_BL,27,0.77312,0.81821
002.LeDuong_BL,1,0.74099,0.73037
007.Chau_KP,17,0.61398,0.66677
013.Dam_Vinh_H,1,0.81308,0.80581
013.Dam_Vinh_H,13,0.81197,0.85093
013.Dam_Vinh_H,4,0.83595,0.85752
014.Dan_Ng,5,0.78928,0.80293
015.Dan_Trg,5,0.81694,0.83530
016.Dang_L,22,0.72369,0.77073
016.Dang_L,1,0.83341,0.82373
016.Dang_L,13,0.70165,0.77203
016.Dang_L,5,0.75624,0.77953
016.Dang_L,4,0.81447,0.83107
016.Dang_L,2,0.79243,0.81650
016.Dang_L,6,0.82651,0.87929
016.Dang_L,2,0.81736,0.82638
016.Dang_L,7,0.82386,0.85068
016.Dang_L,1,0.80963,0.80770
016.Dang_L,1,0.80631,0.80269
016.Dang_L,21,0.78661,0.87665
016.Dang_L,2,0.80355,0.80835
016.Dang_L,1,0.80190,0.80001
016.Dang_L,3,0.82186,0.82896
016.Dang_L,1,0.87252,0.83648
016.Dang_L,1,0.85564,0.85517
016.Dang_L,1,0.85660,0.84403
016.Dang_L,1,0.84499,0.84286
016.Dang_L,1,0.85637,0.83741
016.Dang_L,9,0.79435,0.82392
016.Dang_L,1,0.89619,0.85728
016.Dang_L,12,0.79625,0.80908
016.Dang_L,2,0.80391,0.81262
016.Dang_L,2,0.81413,0.82354
016.Dang_L,1,0.82927,0.81760
016.Dang_L,1,0.85796,0.85684
016.Dang_L,1,0.80805,0.80287
016.Dang_L,1,0.85258,0.85225
016.Dang_L,4,0.71040,0.74013
016.Dang_L,22,0.70531,0.75941
016.Dang_L,9,0.73097,0.74225
016.Dang_L,2,0.81681,0.81700
016.Dang_L,3,0.78645,0.80770
016.Dang_L,2,0.83432,0.84185
016.Dang_L,1,0.85891,0.85568
016.Dang_L,2,0.76533,0.79257
016.Dang_L,3,0.81290,0.82963
016.Dang_L,1,0.78966,0.77869
016.Dang_L,11,0.83174,0.86135
016.Dang_L,14,0.76761,0.80643
016.Dang_L,1,0.82788,0.81907
016.Dang_L,4,0.81328,0.82525
016.Dang_L,1,0.85888,0.84582
016.Dang_L,1,0.85677,0.85388
016.Dang_L,11,0.81436,0.85527
016.Dang_L,3,0.80924,0.82720
016.Dang_L,2,0.81151,0.81412
016.Dang_L,1,0.84699,0.84421
016.Dang_L,1,0.77913,0.77372
016.Dang_L,1,0.81968,0.80662
016.Dang_L,5,0.79953,0.81512
016.Dang_L,5,0.81863,0.84474
016.Dang_L,9,0.77949,0.81790
016.Dang_L,21,0.85511,0.88063
016.Dang_L,2,0.82305,0.83428
016.Dang_L,1,0.82163,0.80858
016.Dang_L,16,0.84072,0.87424
016.Dang_L,2,0.76184,0.76591
016.Dang_L,1,0.81600,0.79004
018.De_C,2,0.85203,0.85641
018.De_C,2,0.82934,0.83452
018.De_C,2,0.80122,0.81132
018.De_C,5,0.79635,0.81827
018.De_C,3,0.76724,0.76886
018.De_C,4,0.71639,0.72850
018.De_C,6,0.72935,0.75300
018.De_C,15,0.80545,0.83272
018.De_C,9,0.81263,0.83286
018.De_C,3,0.66082,0.70967
018.De_C,8,0.69973,0.74360
018.De_C,6,0.81108,0.82876
018.De_C,3,0.80741,0.80872
018.De_C,1,0.77134,0.76475
018.De_C,3,0.71285,0.72995
018.De_C,3,0.80768,0.82726
018.De_C,13,0.81717,0.85512
018.De_C,6,0.79702,0.80642
018.De_C,3,0.70191,0.72573
020.Duong_D,21,0.74392,0.81087
020.Duong_D,44,0.76831,0.85953
020.Duong_D,35,0.74022,0.80499
020.Duong_D,4,0.83526,0.84655
020.Duong_D,35,0.67661,0.76853
020.Duong_D,43,0.72136,0.84023
020.Duong_D,37,0.75465,0.82062
020.Duong_D,24,0.66226,0.71466
020.Duong_D,37,0.75161,0.84134
020.Duong_D,38,0.71317,0.76947
020.Duong_D,30,0.78853,0.86400
020.Duong_D,37,0.75617,0.85817
020.Duong_D,33,0.75793,0.81804
020.Duong_D,3,0.78041,0.78938
020.Duong_D,44,0.75712,0.84288
020.Duong_D,45,0.68395,0.77607
020.Duong_D,6,0.81917,0.83446
020.Duong_D,32,0.76293,0.80349
020.Duong_D,36,0.68850,0.76541
020.Duong_D,5,0.80920,0.81855
020.Duong_D,31,0.77905,0.82494
020.Duong_D,24,0.77737,0.84219
020.Duong_D,43,0.75273,0.84483
020.Duong_D,49,0.72337,0.83751
020.Duong_D,13,0.75759,0.80971
020.Duong_D,39,0.71920,0.78940
020.Duong_D,18,0.81350,0.84720
020.Duong_D,35,0.75223,0.86148
020.Duong_D,16,0.76410,0.80990
020.Duong_D,34,0.78660,0.83705
020.Duong_D,45,0.74827,0.83776
020.Duong_D,44,0.71359,0.79392
020.Duong_D,46,0.74646,0.87652
020.Duong_D,31,0.79270,0.84019
020.Duong_D,45,0.75310,0.86361
020.Duong_D,43,0.73273,0.80921
020.Duong_D,29,0.82802,0.87514
020.Duong_D,40,0.76386,0.82584
020.Duong_D,28,0.83477,0.87837
020.Duong_D,43,0.77769,0.86754
020.Duong_D,47,0.76033,0.87661
020.Duong_D,25,0.78570,0.82978
020.Duong_D,44,0.73939,0.84896
020.Duong_D,3,0.79624,0.81422
020.Duong_D,8,0.78795,0.80516
020.Duong_D,1,0.85267,0.84305
020.Duong_D,30,0.79973,0.84533
020.Duong_D,27,0.80820,0.85509
020.Duong_D,12,0.75110,0.81430
020.Duong_D,9,0.77801,0.83267
020.Duong_D,42,0.78622,0.88395
020.Duong_D,33,0.80380,0.88068
020.Duong_D,27,0.73469,0.79729
020.Duong_D,25,0.77183,0.82680
020.Duong_D,39,0.74114,0.81280
020.Duong_D,30,0.78475,0.84735
020.Duong_D,47,0.67783,0.77646
020.Duong_D,25,0.76024,0.82584
020.Duong_D,35,0.77362,0.83557
020.Duong_D,30,0.81128,0.86572
020.Duong_D,22,0.80565,0.83588
020.Duong_D,19,0.79426,0.82296
020.Duong_D,42,0.74870,0.83061
020.Duong_D,28,0.66634,0.73743
020.Duong_D,32,0.78155,0.84883
020.Duong_D,39,0.75189,0.82335
020.Duong_D,33,0.75389,0.85200
027.Hamtet_Tr,14,0.82473,0.84791
036.Jun_Ph,2,0.75143,0.75330
036.Jun_Ph,1,0.81413,0.80358
036.Jun_Ph,27,0.81915,0.85475
036.Jun_Ph,9,0.73961,0.77157
036.Jun_Ph,6,0.78996,0.80757
036.Jun_Ph,41,0.77745,0.82693
036.Jun_Ph,4,0.75927,0.77414
036.Jun_Ph,1,0.82353,0.78836
036.Jun_Ph,6,0.79698,0.80812
036.Jun_Ph,29,0.73154,0.78107
036.Jun_Ph,30,0.71105,0.76237
036.Jun_Ph,27,0.78517,0.83449
036.Jun_Ph,25,0.79125,0.83285
036.Jun_Ph,37,0.78327,0.84423
036.Jun_Ph,41,0.76769,0.84564
036.Jun_Ph,1,0.87320,0.81497
036.Jun_Ph,7,0.77304,0.78922
036.Jun_Ph,38,0.70945,0.79173
036.Jun_Ph,44,0.66217,0.74938
036.Jun_Ph,30,0.78378,0.83073
036.Jun_Ph,1,0.84368,0.79546
036.Jun_Ph,5,0.74638,0.76111
036.Jun_Ph,10,0.74971,0.76503
036.Jun_Ph,1,0.77871,0.77427
036.Jun_Ph,2,0.83942,0.84906
036.Jun_Ph,50,0.67195,0.79723
036.Jun_Ph,1,0.80141,0.76020
036.Jun_Ph,1,0.83614,0.83448
036.Jun_Ph,1,0.79527,0.79090
036.Jun_Ph,28,0.70268,0.75295
036.Jun_Ph,1,0.80036,0.79228
036.Jun_Ph,42,0.73626,0.81739
036.Jun_Ph,32,0.75064,0.79984
036.Jun_Ph,17,0.79871,0.82952
036.Jun_Ph,42,0.72945,0.79488
036.Jun_Ph,13,0.81953,0.84495
036.Jun_Ph,46,0.72413,0.82275
036.Jun_Ph,2,0.83903,0.84346
036.Jun_Ph,2,0.74427,0.75489
036.Jun_Ph,41,0.71201,0.78040
036.Jun_Ph,1,0.79690,0.79633
036.Jun_Ph,39,0.74592,0.81987
036.Jun_Ph,41,0.71468,0.78431
036.Jun_Ph,21,0.75332,0.79668
036.Jun_Ph,1,0.81158,0.80430
036.Jun_Ph,29,0.61680,0.65695
036.Jun_Ph,19,0.76825,0.79858
036.Jun_Ph,30,0.63860,0.68710
036.Jun_Ph,40,0.75284,0.82763
036.Jun_Ph,3,0.73041,0.74100
036.Jun_Ph,13,0.71595,0.74277
036.Jun_Ph,29,0.77567,0.81311
036.Jun_Ph,36,0.79317,0.87420
036.Jun_Ph,1,0.85141,0.79830
036.Jun_Ph,1,0.86743,0.82554
036.Jun_Ph,18,0.75952,0.81582
036.Jun_Ph,42,0.68331,0.78566
036.Jun_Ph,14,0.75914,0.80418
036.Jun_Ph,1,0.84674,0.84113
036.Jun_Ph,2,0.84710,0.86015
036.Jun_Ph,4,0.79207,0.82010
036.Jun_Ph,2,0.78062,0.80171
036.Jun_Ph,2,0.85579,0.88336
036.Jun_Ph,1,0.80509,0.79597
036.Jun_Ph,34,0.77774,0.86143
036.Jun_Ph,10,0.83197,0.86237
036.Jun_Ph,1,0.82535,0.81225
036.Jun_Ph,3,0.81160,0.84031
036.Jun_Ph,2,0.83437,0.84363
036.Jun_Ph,2,0.83315,0.83997
036.Jun_Ph,2,0.82156,0.84244
036.Jun_Ph,2,0.83557,0.84836
036.Jun_Ph,14,0.81678,0.85827
036.Jun_Ph,4,0.76247,0.78280
036.Jun_Ph,29,0.70918,0.76064
036.Jun_Ph,29,0.76761,0.83461
036.Jun_Ph,1,0.81082,0.80990
036.Jun_Ph,20,0.75137,0.79512
036.Jun_Ph,3,0.76831,0.78723
036.Jun_Ph,30,0.81031,0.85738
036.Jun_Ph,26,0.75623,0.80535
036.Jun_Ph,46,0.70609,0.79346
036.Jun_Ph,6,0.79058,0.80823
036.Jun_Ph,2,0.84727,0.85007
036.Jun_Ph,17,0.83310,0.85695
036.Jun_Ph,27,0.74546,0.79877
036.Jun_Ph,48,0.67088,0.76888
036.Jun_Ph,25,0.78509,0.83575
036.Jun_Ph,9,0.78343,0.81703
036.Jun_Ph,44,0.66668,0.78825
036.Jun_Ph,1,0.77529,0.77109
036.Jun_Ph,46,0.66160,0.78168
036.Jun_Ph,46,0.74519,0.83130
036.Jun_Ph,2,0.84794,0.85424
036.Jun_Ph,22,0.81016,0.84473
036.Jun_Ph,8,0.82977,0.85575
036.Jun_Ph,6,0.82165,0.84196
036.Jun_Ph,25,0.71081,0.73926
036.Jun_Ph,27,0.72390,0.76337
036.Jun_Ph,31,0.75782,0.82749
036.Jun_Ph,41,0.69205,0.76282
036.Jun_Ph,4,0.80942,0.83873
036.Jun_Ph,48,0.57983,0.72153
036.Jun_Ph,9,0.84775,0.86154
036.Jun_Ph,49,0.75357,0.84711
043.L_HA,11,0.81799,0.85874
043.L_HA,4,0.73935,0.78200
043.L_HA,5,0.73816,0.77685
043.L_HA,1,0.83152,0.82148
043.L_HA,7,0.69958,0.76792
043.L_HA,22,0.80218,0.84694
043.L_HA,5,0.81939,0.82840
043.L_HA,7,0.77658,0.78776
043.L_HA,2,0.75465,0.75470
043.L_HA,15,0.67644,0.74699
043.L_HA,2,0.74817,0.76206
043.L_HA,3,0.80220,0.80413
043.L_HA,9,0.73466,0.75438
043.L_HA,13,0.68615,0.73547
043.L_HA,7,0.75103,0.77422
043.L_HA,2,0.75312,0.75634
043.L_HA,4,0.81538,0.83670
043.L_HA,12,0.76251,0.78892
043.L_HA,3,0.71521,0.75679
043.L_HA,3,0.76374,0.79101
043.L_HA,3,0.84361,0.85354
043.L_HA,18,0.75508,0.78786
043.L_HA,10,0.72355,0.75485
043.L_HA,7,0.72383,0.73904
043.L_HA,2,0.76487,0.77018
043.L_HA,21,0.76070,0.79167
043.L_HA,8,0.83701,0.85504
043.L_HA,2,0.81821,0.83280
043.L_HA,8,0.81044,0.82619
043.L_HA,10,0.77742,0.81561
043.L_HA,8,0.80535,0.81934
043.L_HA,12,0.83145,0.84904
043.L_HA,5,0.73576,0.77071
043.L_HA,10,0.72098,0.78644
043.L_HA,8,0.75352,0.79296
043.L_HA,3,0.81092,0.81610
043.L_HA,10,0.86065,0.87326
043.L_HA,20,0.79818,0.82250
043.L_HA,17,0.82781,0.86856
043.L_HA,12,0.74029,0.80197
043.L_HA,3,0.84617,0.86808
043.L_HA,13,0.83773,0.86677
043.L_HA,1,0.78743,0.78494
047.Lam_Vinh_H,5,0.70396,0.73680
047.Lam_Vinh_H,35,0.75530,0.79908
047.Lam_Vinh_H,39,0.75413,0.83622
047.Lam_Vinh_H,14,0.69503,0.73604
047.Lam_Vinh_H,4,0.73602,0.73728
047.Lam_Vinh_H,11,0.69428,0.71189
047.Lam_Vinh_H,17,0.72133,0.75696
047.Lam_Vinh_H,34,0.78288,0.84645
047.Lam_Vinh_H,37,0.72502,0.83444
047.Lam_Vinh_H,21,0.69487,0.75285
047.Lam_Vinh_H,33,0.74284,0.81004
047.Lam_Vinh_H,12,0.72459,0.74221
047.Lam_Vinh_H,17,0.78401,0.81761
047.Lam_Vinh_H,23,0.74626,0.79363
047.Lam_Vinh_H,43,0.69724,0.76853
047.Lam_Vinh_H,30,0.76329,0.81265
047.Lam_Vinh_H,37,0.71434,0.76216
047.Lam_Vinh_H,23,0.79868,0.82605
047.Lam_Vinh_H,4,0.78858,0.79567
047.Lam_Vinh_H,7,0.79249,0.80716
047.Lam_Vinh_H,32,0.74274,0.81103
047.Lam_Vinh_H,39,0.75645,0.83897
047.Lam_Vinh_H,36,0.69708,0.79140
047.Lam_Vinh_H,29,0.72713,0.77952
047.Lam_Vinh_H,36,0.71400,0.78454
047.Lam_Vinh_H,38,0.69876,0.77543
047.Lam_Vinh_H,33,0.70792,0.76772
047.Lam_Vinh_H,39,0.72382,0.79548
047.Lam_Vinh_H,42,0.75526,0.85869
047.Lam_Vinh_H,8,0.72822,0.75123
047.Lam_Vinh_H,43,0.73879,0.82785
047.Lam_Vinh_H,24,0.73648,0.78024
047.Lam_Vinh_H,12,0.77549,0.80748
047.Lam_Vinh_H,6,0.74448,0.76942
047.Lam_Vinh_H,48,0.72535,0.82902
047.Lam_Vinh_H,1,0.72688,0.71058
047.Lam_Vinh_H,12,0.66216,0.70349
047.Lam_Vinh_H,6,0.63043,0.65252
047.Lam_Vinh_H,37,0.69500,0.76693
047.Lam_Vinh_H,37,0.74395,0.80094
047.Lam_Vinh_H,36,0.76904,0.84092
047.Lam_Vinh_H,10,0.70538,0.73704
047.Lam_Vinh_H,35,0.73946,0.81781
047.Lam_Vinh_H,1,0.70779,0.70418
047.Lam_Vinh_H,31,0.79775,0.83283
047.Lam_Vinh_H,35,0.78203,0.83894
047.Lam_Vinh_H,30,0.67813,0.73512
047.Lam_Vinh_H,36,0.67641,0.77313
047.Lam_Vinh_H,46,0.75407,0.86027
047.Lam_Vinh_H,6,0.68236,0.71011
047.Lam_Vinh_H,37,0.75037,0.84918
047.Lam_Vinh_H,36,0.76569,0.81392
047.Lam_Vinh_H,44,0.76923,0.87895
047.Lam_Vinh_H,26,0.75576,0.79434
047.Lam_Vinh_H,35,0.67952,0.73486
047.Lam_Vinh_H,42,0.71504,0.78189
047.Lam_Vinh_H,14,0.67260,0.71736
047.Lam_Vinh_H,5,0.67338,0.69769
047.Lam_Vinh_H,32,0.73030,0.78619
047.Lam_Vinh_H,17,0.74181,0.76656
047.Lam_Vinh_H,30,0.79942,0.84946
047.Lam_Vinh_H,38,0.75339,0.83724
047.Lam_Vinh_H,2,0.73307,0.73752
047.Lam_Vinh_H,3,0.66915,0.68489
047.Lam_Vinh_H,35,0.76383,0.82710
047.Lam_Vinh_H,36,0.76247,0.82564
047.Lam_Vinh_H,43,0.76777,0.85408
047.Lam_Vinh_H,35,0.72054,0.79866
047.Lam_Vinh_H,36,0.78932,0.85286
047.Lam_Vinh_H,37,0.73998,0.81955
047.Lam_Vinh_H,11,0.69640,0.71186
047.Lam_Vinh_H,38,0.75202,0.80387
047.Lam_Vinh_H,15,0.67174,0.69358
047.Lam_Vinh_H,13,0.73630,0.76158
047.Lam_Vinh_H,4,0.67477,0.70465
047.Lam_Vinh_H,24,0.65966,0.70803
047.Lam_Vinh_H,12,0.79828,0.81290
047.Lam_Vinh_H,43,0.74382,0.82193
052.Luong_Bang_Q,33,0.75907,0.81039
052.Luong_Bang_Q,1,0.77900,0.77550
052.Luong_Bang_Q,3,0.78133,0.79288
052.Luong_Bang_Q,22,0.80513,0.85481
052.Luong_Bang_Q,39,0.69681,0.76883
052.Luong_Bang_Q,12,0.73511,0.81082
052.Luong_Bang_Q,20,0.75812,0.80477
052.Luong_Bang_Q,3,0.73626,0.76354
052.Luong_Bang_Q,9,0.75960,0.78718
052.Luong_Bang_Q,19,0.70558,0.73835
052.Luong_Bang_Q,3,0.72858,0.73206
052.Luong_Bang_Q,32,0.77698,0.82443
052.Luong_Bang_Q,12,0.78484,0.80705
052.Luong_Bang_Q,25,0.73196,0.79733
052.Luong_Bang_Q,21,0.74125,0.81040
052.Luong_Bang_Q,2,0.80114,0.80472
052.Luong_Bang_Q,36,0.73539,0.79029
052.Luong_Bang_Q,22,0.77489,0.81603
052.Luong_Bang_Q,29,0.77157,0.82076
052.Luong_Bang_Q,31,0.75726,0.81519
052.Luong_Bang_Q,24,0.77618,0.83166
052.Luong_Bang_Q,11,0.76636,0.80014
052.Luong_Bang_Q,12,0.64807,0.68078
052.Luong_Bang_Q,28,0.71742,0.77838
052.Luong_Bang_Q,29,0.74721,0.78193
052.Luong_Bang_Q,29,0.77434,0.82277
052.Luong_Bang_Q,21,0.71342,0.78060
052.Luong_Bang_Q,2,0.85811,0.86538
052.Luong_Bang_Q,9,0.71626,0.74004
052.Luong_Bang_Q,2,0.78455,0.79029
052.Luong_Bang_Q,24,0.76170,0.83354
052.Luong_Bang_Q,42,0.72688,0.83237
052.Luong_Bang_Q,26,0.74283,0.79495
052.Luong_Bang_Q,33,0.78254,0.82676
052.Luong_Bang_Q,29,0.74653,0.78760
052.Luong_Bang_Q,15,0.76961,0.82251
052.Luong_Bang_Q,28,0.79901,0.87104
052.Luong_Bang_Q,34,0.78830,0.83283
052.Luong_Bang_Q,12,0.77508,0.81088
052.Luong_Bang_Q,7,0.78239,0.79798
052.Luong_Bang_Q,20,0.72295,0.78235
052.Luong_Bang_Q,25,0.76481,0.81789
052.Luong_Bang_Q,6,0.74753,0.77334
052.Luong_Bang_Q,41,0.77978,0.84892
052.Luong_Bang_Q,40,0.78013,0.85918
052.Luong_Bang_Q,30,0.69465,0.77103
052.Luong_Bang_Q,28,0.72153,0.76234
052.Luong_Bang_Q,9,0.70453,0.71818
052.Luong_Bang_Q,46,0.74096,0.83459
052.Luong_Bang_Q,43,0.75236,0.84614
052.Luong_Bang_Q,29,0.78676,0.83639
052.Luong_Bang_Q,20,0.77865,0.81656
052.Luong_Bang_Q,37,0.79692,0.85151
052.Luong_Bang_Q,5,0.75187,0.77324
052.Luong_Bang_Q,26,0.78065,0.82042
052.Luong_Bang_Q,11,0.64640,0.72309
052.Luong_Bang_Q,8,0.74929,0.76207
052.Luong_Bang_Q,3,0.77516,0.78513
052.Luong_Bang_Q,13,0.79479,0.83088
052.Luong_Bang_Q,30,0.77459,0.82295
052.Luong_Bang_Q,32,0.75821,0.82472
052.Luong_Bang_Q,19,0.69222,0.76786
052.Luong_Bang_Q,12,0.76757,0.82423
052.Luong_Bang_Q,32,0.75903,0.82186
052.Luong_Bang_Q,4,0.77907,0.78714
052.Luong_Bang_Q,22,0.73266,0.78002
052.Luong_Bang_Q,40,0.71525,0.79658
052.Luong_Bang_Q,28,0.77518,0.81625
052.Luong_Bang_Q,23,0.79017,0.83719
052.Luong_Bang_Q,3,0.80645,0.81189
052.Luong_Bang_Q,28,0.80477,0.85203
052.Luong_Bang_Q,17,0.77229,0.81178
052.Luong_Bang_Q,15,0.76069,0.81491
052.Luong_Bang_Q,11,0.78586,0.81656
052.Luong_Bang_Q,35,0.74646,0.80885
052.Luong_Bang_Q,17,0.76832,0.79702
052.Luong_Bang_Q,31,0.75196,0.81673
052.Luong_Bang_Q,3,0.72951,0.73318
052.Luong_Bang_Q,28,0.74413,0.79248
052.Luong_Bang_Q,1,0.81093,0.79179
052.Luong_Bang_Q,38,0.74182,0.81468
052.Luong_Bang_Q,34,0.77234,0.83196
052.Luong_Bang_Q,1,0.70048,0.69232
052.Luong_Bang_Q,16,0.77123,0.81430
052.Luong_Bang_Q,1,0.75776,0.75769
053.Luong_Manh_H,38,0.77982,0.85209
053.Luong_Manh_H,37,0.74876,0.83220
053.Luong_Manh_H,8,0.78269,0.79719
053.Luong_Manh_H,32,0.78443,0.84196
053.Luong_Manh_H,37,0.78994,0.86314
053.Luong_Manh_H,37,0.76484,0.83398
053.Luong_Manh_H,36,0.77253,0.82693
053.Luong_Manh_H,2,0.80594,0.82171
053.Luong_Manh_H,42,0.73309,0.82634
053.Luong_Manh_H,41,0.74147,0.81622
053.Luong_Manh_H,39,0.70699,0.81534
053.Luong_Manh_H,28,0.75951,0.82202
053.Luong_Manh_H,4,0.74113,0.75168
053.Luong_Manh_H,38,0.72638,0.81203
053.Luong_Manh_H,24,0.69899,0.75542
053.Luong_Manh_H,12,0.79161,0.83401
053.Luong_Manh_H,33,0.73415,0.88359
053.Luong_Manh_H,40,0.77142,0.85082
053.Luong_Manh_H,10,0.76283,0.84473
053.Luong_Manh_H,34,0.77754,0.83201
053.Luong_Manh_H,31,0.75685,0.80880
053.Luong_Manh_H,39,0.74223,0.82666
053.Luong_Manh_H,27,0.77101,0.83359
053.Luong_Manh_H,43,0.76606,0.86007
053.Luong_Manh_H,43,0.72108,0.80743
053.Luong_Manh_H,20,0.74955,0.80500
053.Luong_Manh_H,18,0.75912,0.78281
053.Luong_Manh_H,26,0.75342,0.79732
053.Luong_Manh_H,40,0.75126,0.83293
053.Luong_Manh_H,36,0.79083,0.84902
053.Luong_Manh_H,42,0.70574,0.79226
053.Luong_Manh_H,38,0.76399,0.82843
053.Luong_Manh_H,32,0.73427,0.84020
053.Luong_Manh_H,37,0.68592,0.75405
053.Luong_Manh_H,40,0.76366,0.85047
053.Luong_Manh_H,30,0.77803,0.81408
053.Luong_Manh_H,41,0.75130,0.85347
053.Luong_Manh_H,17,0.78129,0.81255
053.Luong_Manh_H,43,0.73786,0.83695
053.Luong_Manh_H,29,0.81061,0.87193
053.Luong_Manh_H,26,0.81676,0.85184
053.Luong_Manh_H,36,0.77756,0.84417
053.Luong_Manh_H,35,0.73842,0.79858
056.Mai_Tai_Ph,39,0.77018,0.83142
056.Mai_Tai_Ph,36,0.75489,0.81859
056.Mai_Tai_Ph,1,0.73633,0.73414
056.Mai_Tai_Ph,2,0.76841,0.77607
056.Mai_Tai_Ph,37,0.73545,0.85748
056.Mai_Tai_Ph,1,0.69628,0.69298
056.Mai_Tai_Ph,15,0.70951,0.74952
056.Mai_Tai_Ph,17,0.74715,0.81029
056.Mai_Tai_Ph,49,0.69985,0.83087
056.Mai_Tai_Ph,49,0.70602,0.84287
056.Mai_Tai_Ph,37,0.75513,0.80956
056.Mai_Tai_Ph,42,0.71272,0.80539
056.Mai_Tai_Ph,46,0.72206,0.82664
056.Mai_Tai_Ph,47,0.70885,0.82704
056.Mai_Tai_Ph,1,0.75726,0.75139
056.Mai_Tai_Ph,43,0.68379,0.85611
056.Mai_Tai_Ph,39,0.69798,0.76991
056.Mai_Tai_Ph,41,0.76846,0.87434
056.Mai_Tai_Ph,28,0.77267,0.81972
056.Mai_Tai_Ph,40,0.73205,0.83852
056.Mai_Tai_Ph,48,0.71551,0.84885
056.Mai_Tai_Ph,45,0.73978,0.84467
056.Mai_Tai_Ph,50,0.73901,0.87084
056.Mai_Tai_Ph,21,0.75676,0.80478
056.Mai_Tai_Ph,37,0.76945,0.83585
056.Mai_Tai_Ph,48,0.70588,0.85715
056.Mai_Tai_Ph,43,0.69174,0.81544
056.Mai_Tai_Ph,37,0.70008,0.82677
056.Mai_Tai_Ph,33,0.73831,0.80682
056.Mai_Tai_Ph,41,0.70440,0.76831
056.Mai_Tai_Ph,33,0.71573,0.78657
056.Mai_Tai_Ph,42,0.76220,0.84523
056.Mai_Tai_Ph,42,0.70513,0.79293
056.Mai_Tai_Ph,28,0.72069,0.76091
056.Mai_Tai_Ph,40,0.70773,0.83531
056.Mai_Tai_Ph,46,0.74607,0.84338
056.Mai_Tai_Ph,48,0.76649,0.87736
056.Mai_Tai_Ph,31,0.75406,0.81721
056.Mai_Tai_Ph,47,0.73743,0.84885
056.Mai_Tai_Ph,48,0.74719,0.84519
056.Mai_Tai_Ph,43,0.74303,0.81120
056.Mai_Tai_Ph,40,0.71890,0.78726
056.Mai_Tai_Ph,50,0.70059,0.85283
056.Mai_Tai_Ph,41,0.71668,0.79298
056.Mai_Tai_Ph,40,0.71668,0.79555
056.Mai_Tai_Ph,46,0.68360,0.84885
056.Mai_Tai_Ph,47,0.67760,0.81255
056.Mai_Tai_Ph,46,0.72723,0.81583
056.Mai_Tai_Ph,6,0.69790,0.72236
056.Mai_Tai_Ph,44,0.73476,0.84107
056.Mai_Tai_Ph,47,0.69209,0.83134
056.Mai_Tai_Ph,44,0.76463,0.85911
056.Mai_Tai_Ph,46,0.66586,0.78749
056.Mai_Tai_Ph,43,0.76097,0.83914
056.Mai_Tai_Ph,27,0.73876,0.79552
056.Mai_Tai_Ph,30,0.74973,0.78364
056.Mai_Tai_Ph,20,0.75239,0.79389
056.Mai_Tai_Ph,38,0.72172,0.81965
056.Mai_Tai_Ph,2,0.78834,0.79510
056.Mai_Tai_Ph,48,0.70655,0.81995
056.Mai_Tai_Ph,4,0.68133,0.68957
056.Mai_Tai_Ph,1,0.78299,0.76721
056.Mai_Tai_Ph,28,0.75943,0.84209
056.Mai_Tai_Ph,50,0.75898,0.86706
056.Mai_Tai_Ph,43,0.68031,0.76045
056.Mai_Tai_Ph,16,0.78626,0.82274
056.Mai_Tai_Ph,20,0.71235,0.77277
056.Mai_Tai_Ph,22,0.75075,0.80286
056.Mai_Tai_Ph,48,0.68541,0.81696
056.Mai_Tai_Ph,39,0.77259,0.83209
056.Mai_Tai_Ph,48,0.70149,0.83044
056.Mai_Tai_Ph,49,0.72045,0.86483
056.Mai_Tai_Ph,44,0.69465,0.81562
056.Mai_Tai_Ph,48,0.73437,0.86042
056.Mai_Tai_Ph,45,0.74978,0.83106
056.Mai_Tai_Ph,49,0.71700,0.83680
056.Mai_Tai_Ph,49,0.73559,0.88321
056.Mai_Tai_Ph,19,0.74498,0.79829
058.Ngo_Diec_P,10,0.77365,0.79482
058.Ngo_Diec_P,27,0.80105,0.85241
058.Ngo_Diec_P,2,0.83030,0.85874
058.Ngo_Diec_P,3,0.83876,0.84337
058.Ngo_Diec_P,18,0.79094,0.83286
058.Ngo_Diec_P,10,0.77291,0.79658
058.Ngo_Diec_P,1,0.82776,0.81711
058.Ngo_Diec_P,38,0.75141,0.83201
058.Ngo_Diec_P,23,0.76653,0.81293
058.Ngo_Diec_P,7,0.80101,0.82148
058.Ngo_Diec_P,17,0.82014,0.85047
058.Ngo_Diec_P,39,0.71203,0.78807
058.Ngo_Diec_P,13,0.75470,0.79835
058.Ngo_Diec_P,9,0.82347,0.84384
058.Ngo_Diec_P,22,0.80731,0.84545
058.Ngo_Diec_P,9,0.75175,0.80759
058.Ngo_Diec_P,30,0.77284,0.81946
058.Ngo_Diec_P,24,0.76402,0.79887
058.Ngo_Diec_P,35,0.75068,0.80983
058.Ngo_Diec_P,19,0.76249,0.79867
058.Ngo_Diec_P,8,0.77740,0.80508
058.Ngo_Diec_P,9,0.78699,0.81719
058.Ngo_Diec_P,10,0.80326,0.83907
058.Ngo_Diec_P,25,0.80514,0.83984
058.Ngo_Diec_P,9,0.84392,0.88204
058.Ngo_Diec_P,1,0.81417,0.80876
058.Ngo_Diec_P,6,0.77288,0.78530
058.Ngo_Diec_P,36,0.75021,0.82671
058.Ngo_Diec_P,24,0.81484,0.83653
058.Ngo_Diec_P,28,0.73332,0.80196
058.Ngo_Diec_P,7,0.79537,0.81816
058.Ngo_Diec_P,29,0.74951,0.80004
058.Ngo_Diec_P,12,0.77953,0.80377
058.Ngo_Diec_P,20,0.80425,0.84062
058.Ngo_Diec_P,39,0.76978,0.90049
058.Ngo_Diec_P,3,0.81317,0.83430
058.Ngo_Diec_P,9,0.81317,0.82765
058.Ngo_Diec_P,32,0.77823,0.82964
058.Ngo_Diec_P,19,0.80321,0.83351
058.Ngo_Diec_P,2,0.79959,0.81168
058.Ngo_Diec_P,13,0.79393,0.83241
058.Ngo_Diec_P,10,0.80432,0.83075
058.Ngo_Diec_P,14,0.74687,0.77543
058.Ngo_Diec_P,27,0.74728,0.79590
058.Ngo_Diec_P,7,0.83599,0.85199
058.Ngo_Diec_P,10,0.81311,0.84987
058.Ngo_Diec_P,28,0.79406,0.85226
058.Ngo_Diec_P,14,0.81326,0.85642
058.Ngo_Diec_P,38,0.76837,0.84763
058.Ngo_Diec_P,4,0.81021,0.83670
058.Ngo_Diec_P,23,0.78742,0.84010
058.Ngo_Diec_P,24,0.76218,0.81224
058.Ngo_Diec_P,22,0.79994,0.83863
058.Ngo_Diec_P,13,0.73452,0.76876
058.Ngo_Diec_P,39,0.72112,0.80584
058.Ngo_Diec_P,8,0.74269,0.81184
058.Ngo_Diec_P,24,0.79578,0.85518
058.Ngo_Diec_P,12,0.79768,0.82444
058.Ngo_Diec_P,11,0.79836,0.82469
058.Ngo_Diec_P,29,0.78576,0.82882
061.Nguyen_Phi_Hu,1,0.78377,0.76513
061.Nguyen_Phi_Hu,11,0.80363,0.82145
061.Nguyen_Phi_Hu,10,0.75111,0.77395
061.Nguyen_Phi_Hu,11,0.79370,0.82477
061.Nguyen_Phi_Hu,13,0.76952,0.79328
061.Nguyen_Phi_Hu,15,0.71191,0.76388
061.Nguyen_Phi_Hu,8,0.74527,0.76434
061.Nguyen_Phi_Hu,5,0.78217,0.80982
061.Nguyen_Phi_Hu,3,0.81323,0.82163
061.Nguyen_Phi_Hu,7,0.82991,0.84792
061.Nguyen_Phi_Hu,15,0.81245,0.83128
061.Nguyen_Phi_Hu,20,0.80157,0.83808
061.Nguyen_Phi_Hu,1,0.78328,0.78317
061.Nguyen_Phi_Hu,18,0.73383,0.78291
061.Nguyen_Phi_Hu,2,0.74802,0.75200
061.Nguyen_Phi_Hu,14,0.80482,0.83438
061.Nguyen_Phi_Hu,4,0.81069,0.82105
061.Nguyen_Phi_Hu,3,0.78708,0.79215
061.Nguyen_Phi_Hu,5,0.82861,0.83160
061.Nguyen_Phi_Hu,7,0.80976,0.83554
061.Nguyen_Phi_Hu,7,0.80019,0.84053
061.Nguyen_Phi_Hu,8,0.77921,0.83543
061.Nguyen_Phi_Hu,10,0.67278,0.71471
061.Nguyen_Phi_Hu,6,0.82484,0.83837
061.Nguyen_Phi_Hu,8,0.83216,0.86769
061.Nguyen_Phi_Hu,12,0.76899,0.79865
061.Nguyen_Phi_Hu,9,0.77322,0.78717
061.Nguyen_Phi_Hu,6,0.79035,0.80306
061.Nguyen_Phi_Hu,7,0.75098,0.76982
061.Nguyen_Phi_Hu,11,0.62422,0.65255
061.Nguyen_Phi_Hu,11,0.79765,0.82810
061.Nguyen_Phi_Hu,9,0.83196,0.84434
061.Nguyen_Phi_Hu,3,0.78533,0.80450
061.Nguyen_Phi_Hu,15,0.77046,0.80434
061.Nguyen_Phi_Hu,20,0.80744,0.82663
061.Nguyen_Phi_Hu,12,0.73657,0.81382
061.Nguyen_Phi_Hu,6,0.85539,0.87944
061.Nguyen_Phi_Hu,7,0.77404,0.79235
061.Nguyen_Phi_Hu,12,0.77000,0.80165
061.Nguyen_Phi_Hu,10,0.77510,0.81020
061.Nguyen_Phi_Hu,8,0.81596,0.82989
061.Nguyen_Phi_Hu,8,0.80871,0.82180
061.Nguyen_Phi_Hu,22,0.76999,0.80049
061.Nguyen_Phi_Hu,4,0.78749,0.79674
061.Nguyen_Phi_Hu,25,0.72943,0.78272
061.Nguyen_Phi_Hu,9,0.79215,0.85102
061.Nguyen_Phi_Hu,8,0.81236,0.85452
061.Nguyen_Phi_Hu,7,0.78434,0.80459
061.Nguyen_Phi_Hu,2,0.78994,0.80338
061.Nguyen_Phi_Hu,13,0.72081,0.73962
061.Nguyen_Phi_Hu,24,0.77269,0.81349
061.Nguyen_Phi_Hu,6,0.83422,0.85982
061.Nguyen_Phi_Hu,23,0.79835,0.83177
061.Nguyen_Phi_Hu,1,0.80335,0.79847
061.Nguyen_Phi_Hu,2,0.80646,0.81914
061.Nguyen_Phi_Hu,14,0.77721,0.81083
061.Nguyen_Phi_Hu,6,0.86154,0.87228
061.Nguyen_Phi_Hu,4,0.80215,0.81353
061.Nguyen_Phi_Hu,5,0.78826,0.80078
061.Nguyen_Phi_Hu,1,0.81433,0.80966
061.Nguyen_Phi_Hu,9,0.84164,0.86251
061.Nguyen_Phi_Hu,15,0.79130,0.81555
061.Nguyen_Phi_Hu,7,0.78425,0.79708
061.Nguyen_Phi_Hu,10,0.79133,0.85872
061.Nguyen_Phi_Hu,2,0.82553,0.82745
061.Nguyen_Phi_Hu,17,0.75806,0.80226
061.Nguyen_Phi_Hu,5,0.80280,0.81878
061.Nguyen_Phi_Hu,4,0.81694,0.82796
061.Nguyen_Phi_Hu,18,0.72190,0.79998
061.Nguyen_Phi_Hu,9,0.76221,0.78210
061.Nguyen_Phi_Hu,6,0.79279,0.80245
061.Nguyen_Phi_Hu,4,0.86284,0.87129
061.Nguyen_Phi_Hu,12,0.77082,0.80024
061.Nguyen_Phi_Hu,24,0.78321,0.82870
061.Nguyen_Phi_Hu,16,0.73441,0.75198
061.Nguyen_Phi_Hu,14,0.79800,0.82956
062.Nguyen_Tran_Trung_Qu,1,0.85543,0.83781
062.Nguyen_Tran_Trung_Qu,41,0.64477,0.71475
062.Nguyen_Tran_Trung_Qu,2,0.85140,0.86091
062.Nguyen_Tran_Trung_Qu,2,0.77214,0.80424
062.Nguyen_Tran_Trung_Qu,36,0.65329,0.74140
062.Nguyen_Tran_Trung_Qu,2,0.83185,0.85218
062.Nguyen_Tran_Trung_Qu,17,0.72070,0.77983
062.Nguyen_Tran_Trung_Qu,3,0.79321,0.81502
062.Nguyen_Tran_Trung_Qu,1,0.83582,0.82337
062.Nguyen_Tran_Trung_Qu,1,0.84141,0.83218
062.Nguyen_Tran_Trung_Qu,3,0.81875,0.84299
062.Nguyen_Tran_Trung_Qu,2,0.82815,0.82827
062.Nguyen_Tran_Trung_Qu,3,0.84595,0.85213
062.Nguyen_Tran_Trung_Qu,8,0.80224,0.82320
062.Nguyen_Tran_Trung_Qu,13,0.74159,0.76873
062.Nguyen_Tran_Trung_Qu,13,0.73905,0.76322
062.Nguyen_Tran_Trung_Qu,6,0.80197,0.82995
062.Nguyen_Tran_Trung_Qu,32,0.68206,0.75768
062.Nguyen_Tran_Trung_Qu,1,0.84661,0.83517
062.Nguyen_Tran_Trung_Qu,1,0.82824,0.82582
062.Nguyen_Tran_Trung_Qu,7,0.75636,0.77510
062.Nguyen_Tran_Trung_Qu,18,0.74414,0.79739
062.Nguyen_Tran_Trung_Qu,5,0.85185,0.86002
063.Nhan_Phuc_V,2,0.79992,0.80199
063.Nhan_Phuc_V,5,0.81971,0.85758
063.Nhan_Phuc_V,27,0.77346,0.84495
063.Nhan_Phuc_V,7,0.81777,0.84413
063.Nhan_Phuc_V,7,0.79198,0.80956
063.Nhan_Phuc_V,3,0.82471,0.82980
063.Nhan_Phuc_V,13,0.77161,0.79694
063.Nhan_Phuc_V,1,0.84542,0.84320
063.Nhan_Phuc_V,5,0.80071,0.81779
063.Nhan_Phuc_V,9,0.80575,0.83500
063.Nhan_Phuc_V,5,0.78801,0.79986
063.Nhan_Phuc_V,10,0.81289,0.83289
063.Nhan_Phuc_V,4,0.86332,0.86889
063.Nhan_Phuc_V,27,0.77385,0.83880
063.Nhan_Phuc_V,8,0.80106,0.83820
063.Nhan_Phuc_V,3,0.79202,0.82924
063.Nhan_Phuc_V,15,0.75641,0.78849
063.Nhan_Phuc_V,9,0.78369,0.80452
063.Nhan_Phuc_V,18,0.77277,0.81973
063.Nhan_Phuc_V,9,0.79075,0.81059
063.Nhan_Phuc_V,4,0.79194,0.81176
063.Nhan_Phuc_V,34,0.71547,0.80193
063.Nhan_Phuc_V,6,0.82026,0.84141
063.Nhan_Phuc_V,3,0.78481,0.80766
063.Nhan_Phuc_V,25,0.70088,0.77185
063.Nhan_Phuc_V,32,0.69220,0.76183
063.Nhan_Phuc_V,35,0.68611,0.80845
063.Nhan_Phuc_V,28,0.79581,0.85302
063.Nhan_Phuc_V,18,0.77262,0.81845
063.Nhan_Phuc_V,15,0.79045,0.83675
063.Nhan_Phuc_V,29,0.76698,0.81447
063.Nhan_Phuc_V,11,0.81150,0.83441
063.Nhan_Phuc_V,33,0.70208,0.74586
063.Nhan_Phuc_V,37,0.49981,0.59318
063.Nhan_Phuc_V,34,0.71003,0.78759
063.Nhan_Phuc_V,25,0.77676,0.81219
063.Nhan_Phuc_V,39,0.63035,0.71262
063.Nhan_Phuc_V,32,0.78111,0.86967
063.Nhan_Phuc_V,8,0.83740,0.85276
063.Nhan_Phuc_V,25,0.67584,0.72983
063.Nhan_Phuc_V,20,0.69880,0.71735
063.Nhan_Phuc_V,7,0.73355,0.74886
063.Nhan_Phuc_V,33,0.66813,0.73134
063.Nhan_Phuc_V,21,0.82274,0.90072
063.Nhan_Phuc_V,1,0.76930,0.76338
063.Nhan_Phuc_V,25,0.74138,0.81278
063.Nhan_Phuc_V,7,0.81096,0.85400
064.Noo_Phuoc_Th,21,0.78203,0.81201
064.Noo_Phuoc_Th,7,0.75990,0.77503
064.Noo_Phuoc_Th,26,0.67622,0.76233
064.Noo_Phuoc_Th,4,0.76638,0.77189
064.Noo_Phuoc_Th,6,0.76373,0.84912
064.Noo_Phuoc_Th,23,0.78886,0.83444
064.Noo_Phuoc_Th,46,0.64319,0.73426
064.Noo_Phuoc_Th,26,0.75160,0.78808
064.Noo_Phuoc_Th,8,0.79764,0.84122
064.Noo_Phuoc_Th,21,0.67666,0.76216
064.Noo_Phuoc_Th,31,0.75349,0.79236
064.Noo_Phuoc_Th,23,0.76865,0.81858
064.Noo_Phuoc_Th,18,0.74044,0.80202
064.Noo_Phuoc_Th,15,0.71856,0.75071
064.Noo_Phuoc_Th,8,0.76073,0.78013
064.Noo_Phuoc_Th,14,0.74306,0.76868
064.Noo_Phuoc_Th,31,0.75022,0.79785
064.Noo_Phuoc_Th,1,0.84021,0.83003
064.Noo_Phuoc_Th,19,0.70760,0.73973
064.Noo_Phuoc_Th,6,0.77799,0.78937
064.Noo_Phuoc_Th,38,0.64877,0.76023
064.Noo_Phuoc_Th,25,0.76332,0.81019
064.Noo_Phuoc_Th,15,0.83045,0.85161
064.Noo_Phuoc_Th,6,0.79222,0.80970
064.Noo_Phuoc_Th,34,0.73927,0.79886
064.Noo_Phuoc_Th,11,0.71975,0.74880
064.Noo_Phuoc_Th,36,0.69813,0.75789
064.Noo_Phuoc_Th,29,0.80295,0.83599
064.Noo_Phuoc_Th,34,0.73140,0.81080
064.Noo_Phuoc_Th,26,0.77946,0.83805
064.Noo_Phuoc_Th,22,0.80949,0.86088
064.Noo_Phuoc_Th,10,0.82767,0.85706
064.Noo_Phuoc_Th,4,0.79258,0.85300
064.Noo_Phuoc_Th,32,0.64790,0.69896
064.Noo_Phuoc_Th,4,0.76562,0.81315
064.Noo_Phuoc_Th,6,0.74653,0.77450
064.Noo_Phuoc_Th,34,0.70294,0.77842
064.Noo_Phuoc_Th,19,0.78733,0.81379
064.Noo_Phuoc_Th,19,0.81414,0.84416
064.Noo_Phuoc_Th,23,0.76620,0.80781
064.Noo_Phuoc_Th,20,0.79439,0.83414
064.Noo_Phuoc_Th,5,0.82217,0.84007
064.Noo_Phuoc_Th,2,0.84833,0.85576
064.Noo_Phuoc_Th,22,0.73627,0.78532
064.Noo_Phuoc_Th,11,0.83396,0.85949
064.Noo_Phuoc_Th,4,0.80515,0.81988
064.Noo_Phuoc_Th,13,0.76214,0.80058
064.Noo_Phuoc_Th,3,0.83031,0.86289
064.Noo_Phuoc_Th,23,0.77589,0.81520
064.Noo_Phuoc_Th,15,0.80949,0.83844
064.Noo_Phuoc_Th,7,0.83313,0.87380
064.Noo_Phuoc_Th,9,0.77349,0.84107
064.Noo_Phuoc_Th,20,0.77198,0.81399
064.Noo_Phuoc_Th,5,0.75622,0.76365
064.Noo_Phuoc_Th,44,0.48998,0.59215
064.Noo_Phuoc_Th,15,0.74871,0.82170
064.Noo_Phuoc_Th,2,0.87647,0.88620
064.Noo_Phuoc_Th,41,0.68962,0.77611
064.Noo_Phuoc_Th,24,0.78408,0.81188
064.Noo_Phuoc_Th,3,0.78144,0.78918
064.Noo_Phuoc_Th,37,0.65309,0.72492
064.Noo_Phuoc_Th,18,0.75687,0.80855
064.Noo_Phuoc_Th,14,0.78666,0.80491
064.Noo_Phuoc_Th,41,0.71348,0.81410
064.Noo_Phuoc_Th,12,0.81035,0.83465
064.Noo_Phuoc_Th,26,0.74476,0.80202
065.Ong_Cao_Th,8,0.78359,0.80478
065.Ong_Cao_Th,44,0.74325,0.82349
065.Ong_Cao_Th,30,0.73994,0.78619
065.Ong_Cao_Th,10,0.76201,0.78256
065.Ong_Cao_Th,9,0.75881,0.80402
065.Ong_Cao_Th,2,0.83820,0.83941
065.Ong_Cao_Th,39,0.74718,0.80887
065.Ong_Cao_Th,20,0.76789,0.81467
065.Ong_Cao_Th,15,0.78751,0.83783
065.Ong_Cao_Th,3,0.84896,0.85256
065.Ong_Cao_Th,14,0.60674,0.62867
065.Ong_Cao_Th,7,0.84723,0.85382
065.Ong_Cao_Th,10,0.81232,0.83234
065.Ong_Cao_Th,20,0.79707,0.82914
065.Ong_Cao_Th,1,0.83933,0.83086
065.Ong_Cao_Th,32,0.75139,0.83488
065.Ong_Cao_Th,31,0.76822,0.84167
065.Ong_Cao_Th,18,0.81734,0.85889
065.Ong_Cao_Th,1,0.82037,0.81907
065.Ong_Cao_Th,26,0.75295,0.78692
065.Ong_Cao_Th,1,0.81909,0.80526
065.Ong_Cao_Th,21,0.73699,0.76957
065.Ong_Cao_Th,7,0.75745,0.77403
065.Ong_Cao_Th,1,0.74856,0.73168
065.Ong_Cao_Th,5,0.82669,0.83721
065.Ong_Cao_Th,7,0.75917,0.78537
065.Ong_Cao_Th,16,0.78691,0.82834
065.Ong_Cao_Th,24,0.75719,0.80278
065.Ong_Cao_Th,35,0.77558,0.82221
074.Quy_B,17,0.77257,0.81164
074.Quy_B,20,0.79156,0.83836
074.Quy_B,29,0.74650,0.82064
074.Quy_B,29,0.76048,0.82187
074.Quy_B,23,0.77504,0.84814
074.Quy_B,18,0.79765,0.83076
074.Quy_B,17,0.77393,0.80990
074.Quy_B,23,0.78691,0.82766
074.Quy_B,7,0.78601,0.79454
074.Quy_B,1,0.75385,0.74547
074.Quy_B,10,0.78777,0.80057
074.Quy_B,18,0.77810,0.80699
074.Quy_B,18,0.81433,0.84294
074.Quy_B,20,0.81523,0.85214
074.Quy_B,21,0.76634,0.82301
074.Quy_B,4,0.83108,0.83802
074.Quy_B,15,0.79784,0.83174
074.Quy_B,16,0.67281,0.71249
074.Quy_B,26,0.77656,0.81115
074.Quy_B,17,0.79253,0.83014
074.Quy_B,16,0.77888,0.82186
074.Quy_B,24,0.79882,0.85432
074.Quy_B,24,0.77958,0.87817
074.Quy_B,17,0.80959,0.85606
074.Quy_B,26,0.69186,0.76023
074.Quy_B,13,0.84225,0.85954
074.Quy_B,6,0.83241,0.84867
074.Quy_B,25,0.74641,0.79305
074.Quy_B,19,0.79388,0.82841
074.Quy_B,20,0.75166,0.78268
074.Quy_B,23,0.81933,0.86376
074.Quy_B,5,0.82283,0.83362
074.Quy_B,13,0.82489,0.86016
074.Quy_B,17,0.81095,0.83217
074.Quy_B,13,0.75746,0.80403
074.Quy_B,11,0.80703,0.82613
074.Quy_B,10,0.75950,0.80289
074.Quy_B,23,0.78734,0.82660
074.Quy_B,26,0.79719,0.84291
074.Quy_B,11,0.81169,0.83640
074.Quy_B,11,0.67733,0.71531
074.Quy_B,19,0.74667,0.80424
074.Quy_B,16,0.79535,0.81832
074.Quy_B,11,0.78602,0.83168
074.Quy_B,33,0.72220,0.83469
074.Quy_B,21,0.77973,0.81087
074.Quy_B,9,0.79717,0.83298
074.Quy_B,14,0.79567,0.83911
074.Quy_B,17,0.75081,0.79701
074.Quy_B,9,0.76089,0.80471
074.Quy_B,9,0.67079,0.71004
074.Quy_B,12,0.77435,0.79358
074.Quy_B,20,0.83076,0.85803
074.Quy_B,23,0.76420,0.79617
074.Quy_B,26,0.74498,0.79359
074.Quy_B,20,0.80262,0.85492
074.Quy_B,17,0.73637,0.77441
074.Quy_B,14,0.71457,0.74824
074.Quy_B,9,0.75559,0.77130
074.Quy_B,11,0.78675,0.81564
080.Thai_V,2,0.78869,0.79490
080.Thai_V,1,0.85358,0.82199
080.Thai_V,1,0.80993,0.79351
080.Thai_V,1,0.85048,0.83924
080.Thai_V,1,0.76096,0.74599
080.Thai_V,20,0.80167,0.84275
080.Thai_V,1,0.83438,0.80015
080.Thai_V,1,0.79038,0.74007
080.Thai_V,2,0.79355,0.79973
080.Thai_V,1,0.78143,0.76792
080.Thai_V,1,0.78182,0.75169
080.Thai_V,1,0.78501,0.75663
080.Thai_V,1,0.83950,0.80864
080.Thai_V,1,0.81381,0.81177
080.Thai_V,6,0.75974,0.77072
080.Thai_V,3,0.75300,0.78149
080.Thai_V,1,0.83391,0.82124
080.Thai_V,6,0.74297,0.77018
080.Thai_V,2,0.78656,0.78746
080.Thai_V,1,0.82835,0.79848
080.Thai_V,5,0.84710,0.86012
080.Thai_V,3,0.81488,0.82191
080.Thai_V,9,0.80283,0.84656
080.Thai_V,7,0.84855,0.86858
086.Tran Dinh Q,1,0.80539,0.78220
086.Tran Dinh Q,1,0.77348,0.76020
086.Tran Dinh Q,7,0.77106,0.78987
086.Tran Dinh Q,7,0.65338,0.67480
086.Tran Dinh Q,41,0.73017,0.84923
086.Tran Dinh Q,43,0.71973,0.82782
086.Tran Dinh Q,33,0.74247,0.78629
086.Tran Dinh Q,18,0.75398,0.80710
086.Tran Dinh Q,47,0.67659,0.85575
086.Tran Dinh Q,40,0.76792,0.82854
086.Tran Dinh Q,1,0.75063,0.72850
086.Tran Dinh Q,9,0.77772,0.80913
086.Tran Dinh Q,23,0.76631,0.81393
086.Tran Dinh Q,35,0.77228,0.85264
086.Tran Dinh Q,1,0.75703,0.71939
086.Tran Dinh Q,1,0.75571,0.72461
086.Tran Dinh Q,1,0.79938,0.76988
086.Tran Dinh Q,1,0.82828,0.80358
086.Tran Dinh Q,48,0.68632,0.81947
086.Tran Dinh Q,2,0.77060,0.77734
086.Tran Dinh Q,21,0.75216,0.81112
086.Tran Dinh Q,34,0.69128,0.74402
086.Tran Dinh Q,11,0.80333,0.86304
086.Tran Dinh Q,37,0.79258,0.87590
086.Tran Dinh Q,17,0.78460,0.81631
086.Tran Dinh Q,29,0.78551,0.87318
086.Tran Dinh Q,48,0.68623,0.84300
086.Tran Dinh Q,9,0.75447,0.78620
086.Tran Dinh Q,1,0.69347,0.66049
086.Tran Dinh Q,31,0.73377,0.77821
086.Tran Dinh Q,31,0.75532,0.80246
086.Tran Dinh Q,29,0.72338,0.77253
086.Tran Dinh Q,1,0.77091,0.71035
086.Tran Dinh Q,9,0.71499,0.73824
086.Tran Dinh Q,37,0.73691,0.82135
086.Tran Dinh Q,25,0.78369,0.85531
086.Tran Dinh Q,2,0.76274,0.76281
086.Tran Dinh Q,31,0.73685,0.79037
086.Tran Dinh Q,7,0.80796,0.85627
086.Tran Dinh Q,38,0.74815,0.80683
086.Tran Dinh Q,29,0.72139,0.78293
086.Tran Dinh Q,37,0.68910,0.76195
086.Tran Dinh Q,1,0.72495,0.71548
086.Tran Dinh Q,8,0.78681,0.83890
086.Tran Dinh Q,1,0.74505,0.73203
086.Tran Dinh Q,26,0.68627,0.72517
086.Tran Dinh Q,4,0.76016,0.76950
086.Tran Dinh Q,49,0.72144,0.82988
086.Tran Dinh Q,36,0.72060,0.81859
086.Tran Dinh Q,35,0.79126,0.84975
086.Tran Dinh Q,22,0.77261,0.84768
086.Tran Dinh Q,2,0.79977,0.80221
086.Tran Dinh Q,32,0.75519,0.83933
086.Tran Dinh Q,32,0.75318,0.79461
090.Truc_nh,6,0.75792,0.80798
090.Truc_nh,49,0.69637,0.80549
090.Truc_nh,41,0.72058,0.81470
090.Truc_nh,39,0.77043,0.84571
090.Truc_nh,49,0.65654,0.85757
090.Truc_nh,41,0.77258,0.85993
090.Truc_nh,50,0.64391,0.86901
090.Truc_nh,2,0.71014,0.71254
090.Truc_nh,49,0.68099,0.79530
090.Truc_nh,45,0.73526,0.82811
090.Truc_nh,2,0.75196,0.76945
090.Truc_nh,31,0.75508,0.81414
090.Truc_nh,2,0.74281,0.75742
090.Truc_nh,45,0.76022,0.86270
090.Truc_nh,1,0.74371,0.73985
090.Truc_nh,41,0.70860,0.82585
090.Truc_nh,30,0.75734,0.80035
090.Truc_nh,47,0.69148,0.77878
090.Truc_nh,30,0.78780,0.84327
090.Truc_nh,16,0.74900,0.80829
090.Truc_nh,45,0.70784,0.78771
090.Truc_nh,2,0.77202,0.77802
090.Truc_nh,2,0.77984,0.79074
090.Truc_nh,1,0.79956,0.75229
090.Truc_nh,50,0.70562,0.83231
090.Truc_nh,21,0.77285,0.85465
090.Truc_nh,42,0.74805,0.83186
090.Truc_nh,1,0.77189,0.75729
090.Truc_nh,23,0.78149,0.82062
090.Truc_nh,2,0.68534,0.73541
090.Truc_nh,42,0.73203,0.81811
090.Truc_nh,27,0.75153,0.81218
090.Truc_nh,32,0.77788,0.83428
090.Truc_nh,43,0.72011,0.80399
090.Truc_nh,2,0.76945,0.78870
090.Truc_nh,14,0.73847,0.80343
090.Truc_nh,31,0.78016,0.81735
090.Truc_nh,49,0.71030,0.83636
090.Truc_nh,46,0.75927,0.87516
090.Truc_nh,13,0.78842,0.81758
090.Truc_nh,51,0.68221,0.82878
090.Truc_nh,10,0.75869,0.79932
090.Truc_nh,45,0.77882,0.87857
090.Truc_nh,45,0.72143,0.84300
090.Truc_nh,13,0.73538,0.76449
090.Truc_nh,2,0.73158,0.73974
090.Truc_nh,25,0.76410,0.81999
090.Truc_nh,1,0.81932,0.77856
090.Truc_nh,42,0.76827,0.85900
090.Truc_nh,44,0.77668,0.86373
094.Tuan_Hu,35,0.74093,0.82127
094.Tuan_Hu,41,0.76205,0.85056
094.Tuan_Hu,49,0.60156,0.75464
094.Tuan_Hu,47,0.68993,0.81118
094.Tuan_Hu,45,0.67822,0.80546
094.Tuan_Hu,41,0.77013,0.87258
094.Tuan_Hu,45,0.66488,0.78291
094.Tuan_Hu,43,0.73864,0.85363
094.Tuan_Hu,46,0.64562,0.73172
094.Tuan_Hu,45,0.70532,0.81882
094.Tuan_Hu,29,0.76788,0.82016
094.Tuan_Hu,44,0.64368,0.74127
094.Tuan_Hu,42,0.69478,0.79960
094.Tuan_Hu,24,0.78082,0.86704
094.Tuan_Hu,49,0.62937,0.79480
094.Tuan_Hu,30,0.73047,0.88427
094.Tuan_Hu,32,0.80310,0.86320
094.Tuan_Hu,20,0.80953,0.85365
094.Tuan_Hu,42,0.71612,0.83924
094.Tuan_Hu,1,0.85035,0.84959
094.Tuan_Hu,41,0.75186,0.82336
094.Tuan_Hu,35,0.79222,0.85548
094.Tuan_Hu,30,0.74564,0.80530
094.Tuan_Hu,46,0.58039,0.70527
094.Tuan_Hu,30,0.74778,0.82531
094.Tuan_Hu,36,0.75623,0.81341
094.Tuan_Hu,35,0.75173,0.83132
094.Tuan_Hu,20,0.80321,0.85994
094.Tuan_Hu,43,0.74867,0.83623
094.Tuan_Hu,47,0.63496,0.75960
094.Tuan_Hu,43,0.73521,0.82110
094.Tuan_Hu,39,0.57198,0.71458
094.Tuan_Hu,38,0.71666,0.77765
094.Tuan_Hu,38,0.77925,0.87508
094.Tuan_Hu,41,0.70035,0.81275
094.Tuan_Hu,2,0.84865,0.84992
094.Tuan_Hu,33,0.77174,0.83083
094.Tuan_Hu,35,0.69945,0.77984
094.Tuan_Hu,16,0.77745,0.81906
094.Tuan_Hu,2,0.78517,0.78589
094.Tuan_Hu,47,0.67520,0.82199
094.Tuan_Hu,26,0.80371,0.86584
094.Tuan_Hu,37,0.75768,0.85946
094.Tuan_Hu,40,0.72485,0.81997
094.Tuan_Hu,47,0.62725,0.77817
094.Tuan_Hu,2,0.82654,0.83235
094.Tuan_Hu,34,0.72277,0.78273
094.Tuan_Hu,35,0.78853,0.84504
094.Tuan_Hu,10,0.77192,0.80686
094.Tuan_Hu,44,0.71941,0.83441
094.Tuan_Hu,36,0.79037,0.84730
094.Tuan_Hu,35,0.79868,0.85819
094.Tuan_Hu,44,0.72535,0.81097
094.Tuan_Hu,26,0.76478,0.83683
094.Tuan_Hu,43,0.69915,0.78338
094.Tuan_Hu,27,0.76828,0.84832
094.Tuan_Hu,7,0.81684,0.85803
094.Tuan_Hu,16,0.75547,0.77884
094.Tuan_Hu,12,0.78640,0.84189
094.Tuan_Hu,44,0.68694,0.77660
094.Tuan_Hu,27,0.73754,0.79352
094.Tuan_Hu,5,0.75210,0.77124
094.Tuan_Hu,46,0.67393,0.77194
094.Tuan_Hu,20,0.73676,0.80891
094.Tuan_Hu,6,0.81280,0.82883
094.Tuan_Hu,26,0.77740,0.84457
094.Tuan_Hu,47,0.74362,0.85106
094.Tuan_Hu,38,0.70213,0.83735
094.Tuan_Hu,44,0.69547,0.76734
094.Tuan_Hu,47,0.65896,0.81828
094.Tuan_Hu,44,0.68407,0.79484
094.Tuan_Hu,40,0.69656,0.77855
094.Tuan_Hu,47,0.55332,0.70201
094.Tuan_Hu,43,0.74776,0.83129
094.Tuan_Hu,45,0.77151,0.87371
094.Tuan_Hu,37,0.73506,0.82888
094.Tuan_Hu,45,0.67677,0.76351
094.Tuan_Hu,44,0.71733,0.82930
094.Tuan_Hu,42,0.75475,0.82404
094.Tuan_Hu,51,0.68790,0.79088
094.Tuan_Hu,42,0.72461,0.83203
094.Tuan_Hu,48,0.43334,0.58349
095.Tung_Dg,30,0.78349,0.82358
095.Tung_Dg,25,0.77194,0.81559
095.Tung_Dg,21,0.80087,0.83431
095.Tung_Dg,36,0.75722,0.82584
095.Tung_Dg,31,0.69563,0.74799
095.Tung_Dg,23,0.78567,0.81564
095.Tung_Dg,24,0.80086,0.85342
095.Tung_Dg,44,0.72094,0.82091
095.Tung_Dg,43,0.62524,0.73120
095.Tung_Dg,43,0.74632,0.83222
095.Tung_Dg,33,0.77002,0.83856
095.Tung_Dg,31,0.78517,0.83789
095.Tung_Dg,25,0.79229,0.82422
095.Tung_Dg,1,0.81830,0.78971
095.Tung_Dg,45,0.57819,0.71001
095.Tung_Dg,44,0.68736,0.79980
095.Tung_Dg,30,0.76442,0.81534
095.Tung_Dg,18,0.72470,0.79129
095.Tung_Dg,41,0.73059,0.81406
095.Tung_Dg,28,0.78300,0.85853
095.Tung_Dg,6,0.76406,0.77920
095.Tung_Dg,2,0.82707,0.83983
095.Tung_Dg,15,0.77056,0.79097
095.Tung_Dg,29,0.81376,0.87211
095.Tung_Dg,43,0.61795,0.73030
095.Tung_Dg,44,0.78687,0.86364
095.Tung_Dg,1,0.80839,0.78234
095.Tung_Dg,7,0.80321,0.84609
095.Tung_Dg,30,0.77249,0.84792
095.Tung_Dg,1,0.81406,0.81070
095.Tung_Dg,31,0.75245,0.80933
095.Tung_Dg,1,0.81632,0.80151
095.Tung_Dg,3,0.77897,0.78829
095.Tung_Dg,23,0.70083,0.74898
095.Tung_Dg,1,0.82479,0.81995
095.Tung_Dg,1,0.82790,0.78546
095.Tung_Dg,4,0.82285,0.83693
095.Tung_Dg,15,0.81784,0.83487
095.Tung_Dg,40,0.73945,0.80776
095.Tung_Dg,13,0.63922,0.73704
095.Tung_Dg,23,0.79848,0.84231
095.Tung_Dg,33,0.80413,0.85757
095.Tung_Dg,16,0.78795,0.81972
095.Tung_Dg,12,0.82469,0.85550
095.Tung_Dg,30,0.77824,0.84450
095.Tung_Dg,3,0.76974,0.78516
095.Tung_Dg,37,0.75807,0.82991
095.Tung_Dg,22,0.79777,0.83105
095.Tung_Dg,1,0.79882,0.78809
095.Tung_Dg,25,0.79490,0.83891
095.Tung_Dg,48,0.66761,0.77605
095.Tung_Dg,37,0.76872,0.84229
095.Tung_Dg,8,0.81584,0.83341
095.Tung_Dg,32,0.75969,0.83291
095.Tung_Dg,1,0.80941,0.80907
095.Tung_Dg,22,0.72208,0.78416
095.Tung_Dg,19,0.82564,0.87298
095.Tung_Dg,2,0.75941,0.76583
095.Tung_Dg,17,0.80005,0.83131
095.Tung_Dg,44,0.73579,0.83597
095.Tung_Dg,41,0.69181,0.79494
095.Tung_Dg,44,0.57749,0.70761
095.Tung_Dg,38,0.70916,0.77735
095.Tung_Dg,3,0.82227,0.83396
095.Tung_Dg,40,0.70437,0.81786
095.Tung_Dg,2,0.71302,0.76164
095.Tung_Dg,47,0.71529,0.84563
095.Tung_Dg,44,0.61924,0.72679
095.Tung_Dg,28,0.72196,0.78060
095.Tung_Dg,20,0.82021,0.86296
095.Tung_Dg,46,0.72649,0.86671
095.Tung_Dg,1,0.75684,0.73161
095.Tung_Dg,30,0.77431,0.83086
095.Tung_Dg,18,0.81432,0.83464
095.Tung_Dg,25,0.73594,0.79739
095.Tung_Dg,6,0.78786,0.81056
095.Tung_Dg,46,0.77922,0.85608
095.Tung_Dg,40,0.79278,0.85503
095.Tung_Dg,1,0.80679,0.78797
095.Tung_Dg,1,0.80342,0.78582
095.Tung_Dg,24,0.70992,0.76182
095.Tung_Dg,14,0.77299,0.79764
095.Tung_Dg,30,0.79586,0.88044
095.Tung_Dg,41,0.71982,0.78756
095.Tung_Dg,30,0.78221,0.84686
095.Tung_Dg,42,0.73597,0.84183
095.Tung_Dg,48,0.59799,0.77176
095.Tung_Dg,9,0.77554,0.82587
095.Tung_Dg,44,0.68253,0.75870
095.Tung_Dg,15,0.74747,0.79517
095.Tung_Dg,42,0.72837,0.81047
095.Tung_Dg,46,0.64332,0.78315
095.Tung_Dg,30,0.76673,0.82651
095.Tung_Dg,35,0.69393,0.75837
095.Tung_Dg,39,0.63495,0.74824
095.Tung_Dg,42,0.73632,0.83249
095.Tung_Dg,2,0.83582,0.84508
095.Tung_Dg,44,0.61405,0.74514
095.Tung_Dg,44,0.66902,0.75271
095.Tung_Dg,23,0.82026,0.86994
095.Tung_Dg,12,0.64738,0.68938
095.Tung_Dg,9,0.80611,0.81994
095.Tung_Dg,41,0.66217,0.75167
095.Tung_Dg,26,0.80413,0.85835
095.Tung_Dg,39,0.72871,0.82620
095.Tung_Dg,34,0.74007,0.83606
095.Tung_Dg,6,0.78393,0.79295
095.Tung_Dg,37,0.76232,0.83733
095.Tung_Dg,22,0.73997,0.77316
095.Tung_Dg,5,0.75935,0.77786
095.Tung_Dg,1,0.79222,0.78681
095.Tung_Dg,48,0.70190,0.82356
095.Tung_Dg,31,0.72838,0.77328
095.Tung_Dg,41,0.74445,0.83453
097.UngHoaP,38,0.75442,0.82659
097.UngHoaP,50,0.48213,0.71204
097.UngHoaP,48,0.66847,0.83026
097.UngHoaP,51,0.64137,0.79378
097.UngHoaP,46,0.64236,0.72867
097.UngHoaP,48,0.62320,0.74049
097.UngHoaP,41,0.75690,0.83912
097.UngHoaP,49,0.67160,0.83878
097.UngHoaP,43,0.61896,0.75695
097.UngHoaP,49,0.58070,0.76433
097.UngHoaP,51,0.76258,0.85713
097.UngHoaP,44,0.76283,0.83533
097.UngHoaP,48,0.67911,0.80543
097.UngHoaP,38,0.76213,0.84039
097.UngHoaP,34,0.74867,0.80728
097.UngHoaP,42,0.76243,0.84873
097.UngHoaP,41,0.76190,0.83792
097.UngHoaP,37,0.77249,0.84340
097.UngHoaP,47,0.70970,0.81775
097.UngHoaP,41,0.61531,0.72832
097.UngHoaP,36,0.77380,0.83919
097.UngHoaP,37,0.79310,0.86226
097.UngHoaP,47,0.62535,0.77511
097.UngHoaP,46,0.75021,0.85523
097.UngHoaP,44,0.75727,0.86532
097.UngHoaP,47,0.71793,0.83135
097.UngHoaP,47,0.72097,0.82119
097.UngHoaP,51,0.68075,0.78632
097.UngHoaP,46,0.63050,0.74254
097.UngHoaP,48,0.64348,0.78429
097.UngHoaP,48,0.66835,0.79415
097.UngHoaP,21,0.79792,0.86196
097.UngHoaP,44,0.77686,0.85012
097.UngHoaP,47,0.72549,0.83114
097.UngHoaP,47,0.72867,0.83081
097.UngHoaP,46,0.77144,0.84569
097.UngHoaP,48,0.73646,0.84857
097.UngHoaP,42,0.74555,0.83796
097.UngHoaP,48,0.65099,0.77261
097.UngHoaP,44,0.72633,0.81506
097.UngHoaP,46,0.72268,0.81116
097.UngHoaP,50,0.62360,0.75901
097.UngHoaP,51,0.71420,0.82437
097.UngHoaP,44,0.70480,0.81210
097.UngHoaP,15,0.83018,0.87100
097.UngHoaP,44,0.73697,0.83112
097.UngHoaP,47,0.71668,0.84260
097.UngHoaP,44,0.68932,0.81650
097.UngHoaP,46,0.71724,0.80997
097.UngHoaP,46,0.73653,0.83876
097.UngHoaP,43,0.59738,0.70322
097.UngHoaP,51,0.66582,0.81130
097.UngHoaP,47,0.69246,0.81765
097.UngHoaP,37,0.78214,0.86788
097.UngHoaP,45,0.64110,0.75568
097.UngHoaP,39,0.68672,0.76863
097.UngHoaP,24,0.73922,0.79211
097.UngHoaP,28,0.75130,0.81025
097.UngHoaP,42,0.77732,0.90030
097.UngHoaP,47,0.64064,0.77914
097.UngHoaP,48,0.59461,0.75848
097.UngHoaP,49,0.59307,0.77496
097.UngHoaP,51,0.65311,0.79934
097.UngHoaP,42,0.69666,0.80046
097.UngHoaP,48,0.70473,0.85724
097.UngHoaP,47,0.68544,0.82312
097.UngHoaP,37,0.73607,0.80830
097.UngHoaP,50,0.72643,0.84545
097.UngHoaP,34,0.76573,0.84194
097.UngHoaP,48,0.71607,0.81236
097.UngHoaP,34,0.77834,0.83402
097.UngHoaP,49,0.64674,0.81047
097.UngHoaP,35,0.71115,0.77351
097.UngHoaP,35,0.74499,0.82050
097.UngHoaP,33,0.73300,0.82531
097.UngHoaP,50,0.63880,0.79711
097.UngHoaP,34,0.76159,0.82579
097.UngHoaP,43,0.75246,0.82344
097.UngHoaP,40,0.67778,0.74895
097.UngHoaP,51,0.65760,0.83639
097.UngHoaP,49,0.70452,0.83285
097.UngHoaP,48,0.68978,0.78037
097.UngHoaP,50,0.66223,0.85914
097.UngHoaP,47,0.69728,0.78050
097.UngHoaP,47,0.74117,0.85963
097.UngHoaP,38,0.76387,0.81877
097.UngHoaP,50,0.61018,0.79039
097.UngHoaP,50,0.53634,0.72472
097.UngHoaP,50,0.63052,0.78142
097.UngHoaP,47,0.72018,0.81236
097.UngHoaP,48,0.69462,0.80237
097.UngHoaP,41,0.74754,0.83427
097.UngHoaP,27,0.76625,0.83477
097.UngHoaP,37,0.72886,0.78797
097.UngHoaP,50,0.57976,0.79513
097.UngHoaP,40,0.78040,0.87881
097.UngHoaP,45,0.75191,0.86275
097.UngHoaP,44,0.74262,0.81205
097.UngHoaP,43,0.73629,0.82976
097.UngHoaP,43,0.76356,0.86025
097.UngHoaP,39,0.77553,0.84585
097.UngHoaP,51,0.57352,0.80167
097.UngHoaP,43,0.76947,0.86416
097.UngHoaP,51,0.52637,0.77489
099.Amber,15,0.78423,0.80277
099.Amber,8,0.80660,0.82338
099.Amber,10,0.74204,0.80108
099.Amber,50,0.65940,0.80184
099.Amber,43,0.71090,0.80627
099.Amber,51,0.68704,0.82449
099.Amber,13,0.74298,0.76792
099.Amber,27,0.75505,0.79534
099.Amber,50,0.64738,0.75782
099.Amber,33,0.73533,0.79216
099.Amber,43,0.72138,0.82532
099.Amber,49,0.63744,0.81905
099.Amber,49,0.71842,0.84179
099.Amber,51,0.62539,0.83745
099.Amber,9,0.77809,0.78980
099.Amber,46,0.68350,0.77899
099.Amber,22,0.74615,0.79581
099.Amber,1,0.79328,0.78910
099.Amber,47,0.71286,0.80905
099.Amber,24,0.70691,0.82381
099.Amber,38,0.72031,0.80357
099.Amber,46,0.70945,0.80169
099.Amber,46,0.70543,0.79120
099.Amber,51,0.61714,0.87508
099.Amber,49,0.68189,0.84929
099.Amber,50,0.69170,0.83344
099.Amber,50,0.66587,0.81825
099.Amber,49,0.68154,0.78807
099.Amber,48,0.69143,0.80285
099.Amber,45,0.68687,0.88342
099.Amber,45,0.66563,0.87059
099.Amber,50,0.62795,0.81269
099.Amber,46,0.59110,0.72504
099.Amber,50,0.58404,0.75558
099.Amber,46,0.61550,0.75275
099.Amber,50,0.61335,0.74493
099.Amber,48,0.58123,0.73452
099.Amber,29,0.68407,0.73693
099.Amber,39,0.77679,0.83911
099.Amber,42,0.63519,0.78955
099.Amber,45,0.63696,0.76503
099.Amber,50,0.62807,0.78540
099.Amber,35,0.71476,0.80643
099.Amber,46,0.68262,0.89212
099.Amber,34,0.75609,0.81116
099.Amber,41,0.64079,0.80164
099.Amber,49,0.60668,0.73729
099.Amber,50,0.63233,0.76758
099.Amber,45,0.64159,0.76544
099.Amber,20,0.74442,0.81069
099.Amber,51,0.60046,0.79386
099.Amber,42,0.67718,0.75759
099.Amber,48,0.71530,0.80826
099.Amber,49,0.66416,0.79136
099.Amber,51,0.64913,0.83225
099.Amber,51,0.59283,0.74207
099.Amber,46,0.74639,0.83800
099.Amber,49,0.71848,0.83840
099.Amber,48,0.67150,0.81451
099.Amber,43,0.71824,0.80410
099.Amber,30,0.74609,0.81272
099.Amber,14,0.77770,0.81344
099.Amber,46,0.73175,0.84022
099.Amber,25,0.73004,0.78292
099.Amber,50,0.69937,0.82356
099.Amber,46,0.70094,0.80889
099.Amber,6,0.74925,0.78237
099.Amber,32,0.73827,0.80604
099.Amber,11,0.75910,0.80106
099.Amber,47,0.66578,0.85753
099.Amber,26,0.74933,0.79406
099.Amber,49,0.60843,0.73295
099.Amber,48,0.54054,0.67319
099.Amber,35,0.76541,0.83336
099.Amber,47,0.68389,0.78214
099.Amber,6,0.75493,0.78351
099.Amber,40,0.73588,0.81571
112.IU,46,0.64338,0.78187
112.IU,29,0.72911,0.77787
112.IU,26,0.76991,0.83091
112.IU,12,0.74598,0.75704
112.IU,46,0.73059,0.82776
112.IU,1,0.76999,0.75361
112.IU,46,0.71022,0.82025
112.IU,46,0.68356,0.78346
112.IU,49,0.68513,0.84596
112.IU,49,0.69257,0.83888
112.IU,1,0.78970,0.74505
112.IU,34,0.77271,0.84315
112.IU,47,0.58167,0.71469
112.IU,1,0.80481,0.79480
112.IU,35,0.73268,0.78786
112.IU,3,0.78424,0.78664
112.IU,43,0.74427,0.82953
112.IU,30,0.76755,0.82777
112.IU,42,0.72149,0.82506
112.IU,40,0.73199,0.81574
112.IU,41,0.75105,0.83476
112.IU,35,0.70760,0.78823
112.IU,31,0.76735,0.82620
112.IU,46,0.73206,0.84649
112.IU,11,0.79550,0.81757
112.IU,17,0.74186,0.77596
112.IU,30,0.74845,0.79521
112.IU,42,0.73494,0.82192
112.IU,47,0.72094,0.83926
112.IU,40,0.61398,0.67394
112.IU,46,0.68094,0.81535
112.IU,30,0.73980,0.80246
112.IU,45,0.74851,0.85863
112.IU,33,0.71866,0.76397
112.IU,47,0.70893,0.83748
112.IU,33,0.76032,0.81886
112.IU,40,0.76973,0.84209
112.IU,38,0.73198,0.79880
112.IU,45,0.67828,0.76387
112.IU,30,0.75853,0.82841
112.IU,6,0.81150,0.81895
112.IU,33,0.79341,0.86022
112.IU,43,0.71920,0.80389
112.IU,35,0.74773,0.80083
112.IU,43,0.68014,0.79005
112.IU,44,0.72049,0.82027
112.IU,45,0.57698,0.71407
112.IU,46,0.70931,0.85318
112.IU,40,0.72516,0.80306
112.IU,44,0.75973,0.85399
112.IU,45,0.68044,0.82649
112.IU,36,0.78375,0.85856
112.IU,40,0.68417,0.77388
112.IU,41,0.71827,0.83525
112.IU,40,0.71259,0.80253
112.IU,45,0.67864,0.77477
112.IU,45,0.75410,0.85232
112.IU,45,0.62808,0.74673
112.IU,44,0.72305,0.81742
112.IU,45,0.74591,0.83243
112.IU,26,0.76311,0.79672
112.IU,47,0.74594,0.85763
112.IU,45,0.71801,0.84496
112.IU,17,0.76801,0.80255
112.IU,44,0.70338,0.76920
112.IU,43,0.78113,0.85149
112.IU,30,0.74405,0.81264
112.IU,46,0.76060,0.86089
112.IU,36,0.75612,0.80606
112.IU,39,0.72995,0.79618
112.IU,45,0.70353,0.80814
112.IU,41,0.71515,0.79371
112.IU,43,0.71103,0.80279
112.IU,40,0.72164,0.80316
112.IU,41,0.69643,0.79952
112.IU,46,0.65865,0.74859
112.IU,33,0.69920,0.75462
112.IU,48,0.64928,0.77878
112.IU,44,0.72812,0.81800
112.IU,2,0.80182,0.80750
112.IU,30,0.71386,0.74768
112.IU,44,0.72068,0.80999
112.IU,43,0.70114,0.80082
112.IU,46,0.68729,0.81140
112.IU,43,0.69908,0.80322
112.IU,44,0.73647,0.82955
112.IU,43,0.74327,0.82184
112.IU,11,0.80470,0.82264
112.IU,49,0.70054,0.82501
112.IU,47,0.68936,0.77125
112.IU,43,0.62704,0.72707
112.IU,44,0.65848,0.76193
112.IU,43,0.72640,0.80996
112.IU,47,0.66780,0.79045
112.IU,42,0.70514,0.80591
112.IU,49,0.68622,0.81266
112.IU,13,0.76870,0.80728
112.IU,42,0.68690,0.77433
112.IU,47,0.73634,0.83899
112.IU,45,0.70698,0.81214
112.IU,36,0.77059,0.83383
112.IU,45,0.67831,0.77474
112.IU,37,0.72197,0.78430
112.IU,43,0.72022,0.83506
112.IU,34,0.72541,0.77811
112.IU,47,0.74945,0.85431
112.IU,44,0.61799,0.73173
112.IU,30,0.74762,0.78811
112.IU,23,0.75551,0.80347
112.IU,37,0.77255,0.83991
112.IU,41,0.70213,0.78132
112.IU,40,0.69922,0.76715
112.IU,30,0.72871,0.77114
112.IU,50,0.64814,0.82591
112.IU,50,0.69686,0.82333
112.IU,46,0.70472,0.83979
112.IU,45,0.75135,0.82999
112.IU,34,0.75334,0.80243
112.IU,13,0.77233,0.79873
115.Kim_Hye_S,47,0.72699,0.83021
115.Kim_Hye_S,47,0.59249,0.77831
115.Kim_Hye_S,12,0.81589,0.86307
115.Kim_Hye_S,43,0.77210,0.86306
115.Kim_Hye_S,37,0.76084,0.84299
115.Kim_Hye_S,50,0.62687,0.78001
115.Kim_Hye_S,38,0.76212,0.83923
115.Kim_Hye_S,40,0.72145,0.78763
115.Kim_Hye_S,8,0.79598,0.83150
115.Kim_Hye_S,37,0.77463,0.85684
115.Kim_Hye_S,8,0.82155,0.84653
115.Kim_Hye_S,48,0.66034,0.78891
115.Kim_Hye_S,30,0.77286,0.83325
115.Kim_Hye_S,20,0.78128,0.83054
115.Kim_Hye_S,50,0.65420,0.81706
115.Kim_Hye_S,47,0.72097,0.80586
115.Kim_Hye_S,15,0.80157,0.84508
115.Kim_Hye_S,49,0.68428,0.80496
115.Kim_Hye_S,41,0.72570,0.80140
115.Kim_Hye_S,43,0.72929,0.80081
115.Kim_Hye_S,41,0.72588,0.84765
115.Kim_Hye_S,35,0.78181,0.86579
115.Kim_Hye_S,38,0.75464,0.85159
115.Kim_Hye_S,34,0.72572,0.79550
115.Kim_Hye_S,51,0.66358,0.82415
115.Kim_Hye_S,41,0.73467,0.80381
115.Kim_Hye_S,9,0.82135,0.85554
115.Kim_Hye_S,47,0.68798,0.80167
115.Kim_Hye_S,32,0.75116,0.80829
115.Kim_Hye_S,10,0.78891,0.81731
115.Kim_Hye_S,49,0.60921,0.75489
115.Kim_Hye_S,36,0.73873,0.80028
115.Kim_Hye_S,48,0.58292,0.74784
115.Kim_Hye_S,49,0.67186,0.78177
115.Kim_Hye_S,29,0.77298,0.83924
115.Kim_Hye_S,5,0.82286,0.83606
115.Kim_Hye_S,50,0.60715,0.77145
115.Kim_Hye_S,45,0.73990,0.84468
115.Kim_Hye_S,49,0.68705,0.81437
115.Kim_Hye_S,34,0.77527,0.83883
115.Kim_Hye_S,15,0.80364,0.84330
115.Kim_Hye_S,26,0.79304,0.85414
115.Kim_Hye_S,48,0.66295,0.80122
115.Kim_Hye_S,50,0.67513,0.78062
115.Kim_Hye_S,44,0.73644,0.82730
115.Kim_Hye_S,50,0.70072,0.84366
115.Kim_Hye_S,49,0.58750,0.76406
115.Kim_Hye_S,39,0.73611,0.81114
115.Kim_Hye_S,48,0.69217,0.80697
115.Kim_Hye_S,47,0.64684,0.77825
115.Kim_Hye_S,28,0.76062,0.85241
115.Kim_Hye_S,38,0.76979,0.84984
115.Kim_Hye_S,44,0.72622,0.84530
115.Kim_Hye_S,49,0.70807,0.83602
115.Kim_Hye_S,46,0.76532,0.86101
115.Kim_Hye_S,4,0.81829,0.83491
115.Kim_Hye_S,38,0.75251,0.82291
115.Kim_Hye_S,4,0.84261,0.84636
115.Kim_Hye_S,48,0.64465,0.77457
115.Kim_Hye_S,45,0.73058,0.82938
115.Kim_Hye_S,12,0.75108,0.77872
115.Kim_Hye_S,11,0.81584,0.84935
115.Kim_Hye_S,21,0.74561,0.79051
115.Kim_Hye_S,8,0.82178,0.85141
115.Kim_Hye_S,21,0.82031,0.87302
115.Kim_Hye_S,39,0.76234,0.81986
115.Kim_Hye_S,21,0.79371,0.84855
115.Kim_Hye_S,16,0.78404,0.84295
115.Kim_Hye_S,34,0.76406,0.83883
115.Kim_Hye_S,47,0.68912,0.81248
115.Kim_Hye_S,42,0.79622,0.87837
115.Kim_Hye_S,51,0.50134,0.70415
116.Kim_Ji_W,40,0.65499,0.73599
116.Kim_Ji_W,23,0.79187,0.84349
116.Kim_Ji_W,27,0.78631,0.84265
116.Kim_Ji_W,30,0.70821,0.80405
116.Kim_Ji_W,24,0.78712,0.83010
116.Kim_Ji_W,16,0.76167,0.80372
116.Kim_Ji_W,29,0.74269,0.80055
116.Kim_Ji_W,38,0.72518,0.79938
116.Kim_Ji_W,25,0.80121,0.85184
116.Kim_Ji_W,14,0.80387,0.83034
116.Kim_Ji_W,1,0.86371,0.82080
116.Kim_Ji_W,31,0.75683,0.85279
116.Kim_Ji_W,18,0.76544,0.82619
116.Kim_Ji_W,24,0.79193,0.84305
116.Kim_Ji_W,25,0.79415,0.84178
116.Kim_Ji_W,32,0.66681,0.70716
116.Kim_Ji_W,34,0.75390,0.80684
116.Kim_Ji_W,25,0.70893,0.75665
116.Kim_Ji_W,32,0.78515,0.85402
116.Kim_Ji_W,13,0.82651,0.84791
116.Kim_Ji_W,23,0.80102,0.83702
116.Kim_Ji_W,27,0.76223,0.83023
116.Kim_Ji_W,25,0.70825,0.78733
116.Kim_Ji_W,18,0.78553,0.82059
116.Kim_Ji_W,10,0.80536,0.83370
116.Kim_Ji_W,17,0.81347,0.83670
116.Kim_Ji_W,22,0.69440,0.72400
116.Kim_Ji_W,22,0.75914,0.83594
116.Kim_Ji_W,28,0.80343,0.85978
116.Kim_Ji_W,16,0.77388,0.84383
116.Kim_Ji_W,25,0.76373,0.84883
116.Kim_Ji_W,28,0.78861,0.84087
116.Kim_Ji_W,19,0.78158,0.84096
116.Kim_Ji_W,31,0.74127,0.81876
116.Kim_Ji_W,29,0.76018,0.80628
116.Kim_Ji_W,3,0.81526,0.82341
116.Kim_Ji_W,1,0.82945,0.82064
116.Kim_Ji_W,24,0.70454,0.74317
116.Kim_Ji_W,36,0.78549,0.86610
116.Kim_Ji_W,20,0.76993,0.81493
116.Kim_Ji_W,11,0.81385,0.84057
116.Kim_Ji_W,26,0.76508,0.80967
116.Kim_Ji_W,21,0.73748,0.76758
116.Kim_Ji_W,11,0.81145,0.83159
116.Kim_Ji_W,22,0.79962,0.84730
116.Kim_Ji_W,9,0.80597,0.82482
116.Kim_Ji_W,10,0.80542,0.81485
116.Kim_Ji_W,33,0.79047,0.84657
116.Kim_Ji_W,22,0.81307,0.85606
116.Kim_Ji_W,19,0.81412,0.85450
116.Kim_Ji_W,38,0.71431,0.77573
116.Kim_Ji_W,24,0.77524,0.82463
116.Kim_Ji_W,23,0.78551,0.83522
116.Kim_Ji_W,31,0.77163,0.85400
116.Kim_Ji_W,31,0.78203,0.82637
116.Kim_Ji_W,10,0.78453,0.79631
116.Kim_Ji_W,36,0.75689,0.81721
116.Kim_Ji_W,12,0.77882,0.80504
116.Kim_Ji_W,39,0.72990,0.78728
116.Kim_Ji_W,30,0.70465,0.76965
116.Kim_Ji_W,37,0.77952,0.83865
116.Kim_Ji_W,10,0.82478,0.84151
116.Kim_Ji_W,19,0.76547,0.81217
116.Kim_Ji_W,35,0.77981,0.83721
116.Kim_Ji_W,26,0.77790,0.83161
116.Kim_Ji_W,24,0.77687,0.83038
116.Kim_Ji_W,41,0.75847,0.85039
116.Kim_Ji_W,38,0.71060,0.76236
116.Kim_Ji_W,5,0.78696,0.80810
116.Kim_Ji_W,36,0.73292,0.78408
116.Kim_Ji_W,36,0.72361,0.79321
116.Kim_Ji_W,35,0.74346,0.79484
116.Kim_Ji_W,38,0.70515,0.80241
116.Kim_Ji_W,34,0.73121,0.81371
116.Kim_Ji_W,32,0.71803,0.83571
124.Le_Cat_Trong_L,1,0.86392,0.83133
124.Le_Cat_Trong_L,33,0.69284,0.76690
124.Le_Cat_Trong_L,49,0.69593,0.81445
124.Le_Cat_Trong_L,2,0.84283,0.84486
124.Le_Cat_Trong_L,51,0.65561,0.80822
124.Le_Cat_Trong_L,3,0.78610,0.78865
124.Le_Cat_Trong_L,21,0.72372,0.77748
124.Le_Cat_Trong_L,45,0.68939,0.81308
124.Le_Cat_Trong_L,3,0.80685,0.82851
124.Le_Cat_Trong_L,33,0.75784,0.83286
124.Le_Cat_Trong_L,47,0.70752,0.83431
124.Le_Cat_Trong_L,16,0.78376,0.82536
124.Le_Cat_Trong_L,21,0.77482,0.82834
124.Le_Cat_Trong_L,4,0.79291,0.81527
124.Le_Cat_Trong_L,36,0.68029,0.78626
124.Le_Cat_Trong_L,46,0.71491,0.84140
124.Le_Cat_Trong_L,45,0.71852,0.83772
124.Le_Cat_Trong_L,31,0.80377,0.85075
124.Le_Cat_Trong_L,23,0.75882,0.78061
124.Le_Cat_Trong_L,49,0.69591,0.82230
124.Le_Cat_Trong_L,39,0.65961,0.76979
124.Le_Cat_Trong_L,7,0.78836,0.82256
124.Le_Cat_Trong_L,29,0.78378,0.83049
124.Le_Cat_Trong_L,19,0.76575,0.81536
124.Le_Cat_Trong_L,41,0.68169,0.79193
124.Le_Cat_Trong_L,51,0.70652,0.80253
124.Le_Cat_Trong_L,17,0.77527,0.82871
124.Le_Cat_Trong_L,42,0.76041,0.82024
124.Le_Cat_Trong_L,41,0.70067,0.78093
124.Le_Cat_Trong_L,42,0.68887,0.76390
124.Le_Cat_Trong_L,40,0.73932,0.79688
124.Le_Cat_Trong_L,44,0.69469,0.79183
124.Le_Cat_Trong_L,51,0.63940,0.81118
124.Le_Cat_Trong_L,48,0.49843,0.65250
124.Le_Cat_Trong_L,21,0.80003,0.85416
124.Le_Cat_Trong_L,31,0.67299,0.75515
124.Le_Cat_Trong_L,43,0.74957,0.86828
124.Le_Cat_Trong_L,2,0.84518,0.85013
124.Le_Cat_Trong_L,2,0.80994,0.81051
124.Le_Cat_Trong_L,47,0.63276,0.76959
124.Le_Cat_Trong_L,35,0.73793,0.79191
124.Le_Cat_Trong_L,1,0.84375,0.83499
124.Le_Cat_Trong_L,35,0.73368,0.80020
124.Le_Cat_Trong_L,46,0.54284,0.67483
124.Le_Cat_Trong_L,46,0.65309,0.77488
124.Le_Cat_Trong_L,45,0.73918,0.82590
124.Le_Cat_Trong_L,6,0.78888,0.79542
124.Le_Cat_Trong_L,3,0.80802,0.81620
124.Le_Cat_Trong_L,48,0.62194,0.73844
124.Le_Cat_Trong_L,43,0.73983,0.81625
124.Le_Cat_Trong_L,41,0.73159,0.81751
124.Le_Cat_Trong_L,37,0.73422,0.79406
124.Le_Cat_Trong_L,18,0.81320,0.84132
124.Le_Cat_Trong_L,50,0.53764,0.71047
124.Le_Cat_Trong_L,16,0.80671,0.86347
124.Le_Cat_Trong_L,37,0.73373,0.79029
124.Le_Cat_Trong_L,17,0.83585,0.86120
124.Le_Cat_Trong_L,1,0.85522,0.84296
124.Le_Cat_Trong_L,1,0.86525,0.85639
124.Le_Cat_Trong_L,45,0.57224,0.69656
124.Le_Cat_Trong_L,24,0.81840,0.87342
124.Le_Cat_Trong_L,44,0.74242,0.83315
124.Le_Cat_Trong_L,44,0.73836,0.82626
124.Le_Cat_Trong_L,29,0.79557,0.85068
124.Le_Cat_Trong_L,44,0.64403,0.76249
124.Le_Cat_Trong_L,4,0.83467,0.84445
124.Le_Cat_Trong_L,45,0.56919,0.70158
124.Le_Cat_Trong_L,19,0.79287,0.85851
124.Le_Cat_Trong_L,48,0.63556,0.76181
124.Le_Cat_Trong_L,50,0.63164,0.78798
124.Le_Cat_Trong_L,43,0.60998,0.68829
124.Le_Cat_Trong_L,47,0.61552,0.74771
124.Le_Cat_Trong_L,48,0.53626,0.72632
124.Le_Cat_Trong_L,43,0.70852,0.82792
124.Le_Cat_Trong_L,37,0.77636,0.83356
124.Le_Cat_Trong_L,47,0.60859,0.71800
124.Le_Cat_Trong_L,1,0.84489,0.83329
124.Le_Cat_Trong_L,40,0.72946,0.80140
124.Le_Cat_Trong_L,12,0.78565,0.80976
124.Le_Cat_Trong_L,49,0.58606,0.74756
124.Le_Cat_Trong_L,13,0.79874,0.84257
124.Le_Cat_Trong_L,48,0.70241,0.80684
124.Le_Cat_Trong_L,2,0.81498,0.81776
124.Le_Cat_Trong_L,17,0.82276,0.85925
124.Le_Cat_Trong_L,10,0.80454,0.83072
124.Le_Cat_Trong_L,41,0.75036,0.82531
124.Le_Cat_Trong_L,43,0.72059,0.79941
124.Le_Cat_Trong_L,16,0.81818,0.85702
124.Le_Cat_Trong_L,47,0.66904,0.77728
124.Le_Cat_Trong_L,41,0.56975,0.67233
124.Le_Cat_Trong_L,39,0.77477,0.84802
124.Le_Cat_Trong_L,46,0.68505,0.78537
124.Le_Cat_Trong_L,45,0.71951,0.79586
136.Miu_L,2,0.77945,0.79136
146.Tam_T,39,0.72528,0.80392
146.Tam_T,45,0.71975,0.80208
146.Tam_T,47,0.62827,0.76827
146.Tam_T,37,0.72959,0.80182
146.Tam_T,29,0.77679,0.81403
146.Tam_T,25,0.83946,0.86615
146.Tam_T,46,0.73380,0.80770
146.Tam_T,29,0.79350,0.83902
146.Tam_T,31,0.75788,0.82307
146.Tam_T,6,0.84469,0.85902
146.Tam_T,28,0.80156,0.85828
146.Tam_T,8,0.79467,0.82089
146.Tam_T,20,0.77262,0.81119
146.Tam_T,43,0.72405,0.86459
146.Tam_T,38,0.77708,0.83533
146.Tam_T,21,0.83258,0.86401
146.Tam_T,42,0.73784,0.80910
146.Tam_T,45,0.73705,0.81613
146.Tam_T,10,0.79357,0.82083
146.Tam_T,6,0.83611,0.85533
146.Tam_T,12,0.78035,0.82094
146.Tam_T,16,0.75216,0.80645
146.Tam_T,18,0.73749,0.79754
146.Tam_T,45,0.74770,0.84123
146.Tam_T,24,0.82679,0.87182
146.Tam_T,31,0.74743,0.81910
146.Tam_T,31,0.75041,0.85567
146.Tam_T,40,0.73179,0.81406
146.Tam_T,18,0.82504,0.85467
146.Tam_T,36,0.75637,0.80286
146.Tam_T,39,0.76123,0.85634
146.Tam_T,33,0.76754,0.82738
146.Tam_T,18,0.82874,0.85579
146.Tam_T,38,0.76875,0.83710
146.Tam_T,48,0.66006,0.78046
146.Tam_T,23,0.76488,0.80858
146.Tam_T,35,0.70200,0.75065
146.Tam_T,44,0.70288,0.77612
146.Tam_T,39,0.72511,0.78943
146.Tam_T,27,0.79513,0.83399
146.Tam_T,2,0.84466,0.84606
146.Tam_T,11,0.78729,0.81536
146.Tam_T,13,0.84269,0.86879
146.Tam_T,37,0.80289,0.86571
146.Tam_T,11,0.82795,0.84881
146.Tam_T,46,0.73165,0.81557
146.Tam_T,42,0.72192,0.80730
146.Tam_T,6,0.84874,0.87584
146.Tam_T,30,0.80193,0.85779
146.Tam_T,41,0.78413,0.86008
146.Tam_T,50,0.69904,0.83736
146.Tam_T,35,0.77293,0.83148
146.Tam_T,17,0.83301,0.85806
146.Tam_T,27,0.76894,0.80777
146.Tam_T,37,0.76074,0.81711
146.Tam_T,37,0.75285,0.80983
146.Tam_T,46,0.64651,0.74853
146.Tam_T,29,0.80559,0.86060
146.Tam_T,26,0.79952,0.85898
146.Tam_T,33,0.79167,0.86374
146.Tam_T,46,0.67864,0.77824
146.Tam_T,39,0.76284,0.81736
146.Tam_T,34,0.79932,0.85004
146.Tam_T,20,0.77509,0.81657
146.Tam_T,10,0.79691,0.82518
146.Tam_T,46,0.69182,0.81403
146.Tam_T,10,0.84644,0.87342
146.Tam_T,29,0.78827,0.83395
146.Tam_T,44,0.74369,0.83305
146.Tam_T,50,0.69898,0.80931
157.Uyen_L,45,0.73650,0.84447
157.Uyen_L,11,0.66713,0.71821
157.Uyen_L,9,0.78012,0.80233
157.Uyen_L,46,0.74266,0.84830
157.Uyen_L,37,0.73708,0.77971
157.Uyen_L,44,0.74511,0.85400
157.Uyen_L,40,0.68311,0.75936
157.Uyen_L,41,0.78072,0.85236
157.Uyen_L,37,0.75438,0.84398
157.Uyen_L,44,0.65020,0.77635
157.Uyen_L,42,0.75356,0.84247
157.Uyen_L,47,0.72258,0.84967
157.Uyen_L,15,0.71847,0.74473
157.Uyen_L,44,0.78906,0.87610
157.Uyen_L,38,0.71317,0.79639
157.Uyen_L,26,0.77295,0.83545
157.Uyen_L,51,0.70531,0.84099
157.Uyen_L,38,0.79081,0.86983
157.Uyen_L,44,0.76212,0.85333
157.Uyen_L,40,0.80385,0.85436
157.Uyen_L,18,0.79971,0.84832
157.Uyen_L,49,0.72036,0.82771
157.Uyen_L,13,0.62086,0.69510
157.Uyen_L,41,0.78790,0.87096
157.Uyen_L,50,0.71254,0.82885
157.Uyen_L,11,0.76749,0.78490
157.Uyen_L,38,0.79507,0.86516
157.Uyen_L,42,0.72867,0.81057
157.Uyen_L,4,0.79672,0.81680
157.Uyen_L,46,0.72757,0.84487
157.Uyen_L,4,0.75394,0.80371
157.Uyen_L,35,0.75306,0.82260
157.Uyen_L,45,0.76340,0.89227
157.Uyen_L,47,0.73398,0.83388
157.Uyen_L,50,0.67217,0.77744
157.Uyen_L,44,0.74524,0.83719
157.Uyen_L,44,0.78355,0.87123
157.Uyen_L,36,0.77508,0.86008
157.Uyen_L,27,0.77882,0.84594
157.Uyen_L,12,0.71128,0.75484
157.Uyen_L,47,0.69303,0.80893
157.Uyen_L,42,0.76819,0.86096
157.Uyen_L,44,0.75096,0.85725
157.Uyen_L,28,0.67550,0.72677
157.Uyen_L,41,0.77842,0.85379
157.Uyen_L,37,0.78097,0.84791
157.Uyen_L,32,0.73036,0.77868
157.Uyen_L,33,0.76003,0.81582
157.Uyen_L,36,0.77531,0.83378
157.Uyen_L,18,0.70542,0.76009
157.Uyen_L,45,0.76293,0.83519
157.Uyen_L,44,0.75791,0.82354
157.Uyen_L,17,0.78121,0.80834
157.Uyen_L,44,0.74864,0.83223
157.Uyen_L,47,0.71188,0.84642
157.Uyen_L,33,0.71094,0.76748
157.Uyen_L,38,0.67445,0.78035
157.Uyen_L,40,0.73813,0.82546
157.Uyen_L,44,0.72813,0.82265
157.Uyen_L,32,0.71480,0.80480
157.Uyen_L,40,0.73215,0.79743
157.Uyen_L,15,0.74949,0.78860
157.Uyen_L,18,0.74039,0.78312
157.Uyen_L,46,0.72988,0.83560
157.Uyen_L,40,0.74095,0.83194
157.Uyen_L,44,0.72783,0.81914
157.Uyen_L,48,0.67782,0.82571
157.Uyen_L,41,0.76272,0.84259
157.Uyen_L,35,0.75416,0.80635
157.Uyen_L,18,0.70243,0.75685
157.Uyen_L,42,0.76254,0.82483
157.Uyen_L,40,0.73713,0.82903
157.Uyen_L,40,0.77525,0.86152
157.Uyen_L,8,0.69591,0.79116
157.Uyen_L,39,0.78969,0.84524
157.Uyen_L,13,0.74113,0.77984
157.Uyen_L,22,0.70039,0.74046
157.Uyen_L,22,0.68721,0.72317
157.Uyen_L,30,0.72034,0.81529
157.Uyen_L,44,0.71463,0.81997
157.Uyen_L,47,0.69711,0.84829
157.Uyen_L,32,0.79032,0.84453
157.Uyen_L,22,0.57258,0.66330
157.Uyen_L,49,0.71451,0.86870
157.Uyen_L,48,0.70764,0.82152
157.Uyen_L,5,0.68339,0.72078
