model,dataset,subject,view,key,fold,scale,tier,degrade,psnr_y,ssim_y,psnr_rgb,ms_ssim_y,ms_ssim_scales,gmsd,grad_psnr,lr_psnr_y,psnr_y_c,ssim_y_c,lpips,dists,host_ms,device
N2_disp26-zero+xearvn_pub_rand_x4_hrall_bic_f1,awex,AWE_010,03,AWE_010_03,0,4,144,bic,36.100896,0.920856,34.607792,0.983575,4,0.041822,33.805792,63.353828,34.851084,0.909163,0.157418,0.139042,0.712,cuda
N2_disp26-zero+xearvn_pub_rand_x4_hrall_bic_f1,awex,AWE_013,05,AWE_013_05,0,4,144,bic,40.668203,0.964815,38.845148,0.993956,4,0.018445,38.330313,71.969979,42.736317,0.980012,0.088436,0.140391,0.681,cuda
N2_disp26-zero+xearvn_pub_rand_x4_hrall_bic_f1,awex,AWE_016,06,AWE_016_06,0,4,144,bic,38.845926,0.936743,36.922963,0.990752,4,0.01641,37.409792,63.609548,39.560757,0.936221,0.239416,0.160367,0.678,cuda
N2_disp26-zero+xearvn_pub_rand_x4_hrall_bic_f1,awex,AWE_016,09,AWE_016_09,0,4,144,bic,46.004591,0.984394,42.58808,0.997528,4,0.005747,44.361967,72.149493,47.197276,0.984125,0.111203,0.160372,0.679,cuda
N2_disp26-zero+xearvn_pub_rand_x4_hrall_bic_f1,awex,AWE_020,06,AWE_020_06,0,4,144,bic,28.995567,0.778988,27.617342,0.95728,4,0.07564,26.875736,63.102911,32.441377,0.866033,0.311452,0.244565,0.661,cuda
N2_disp26-zero+xearvn_pub_rand_x4_hrall_bic_f1,awex,AWE_031,07,AWE_031_07,0,4,144,bic,46.580882,0.984642,43.467648,0.997451,4,0.004134,45.308523,71.158351,47.201145,0.986653,0.081049,0.116937,0.646,cuda
N2_disp26-zero+xearvn_pub_rand_x4_hrall_bic_f1,awex,AWE_035,05,AWE_035_05,0,4,144,bic,34.79274,0.784481,33.400416,0.957143,4,0.030266,32.966505,71.280587,34.657396,0.780994,0.518547,0.217782,0.666,cuda
N2_disp26-zero+xearvn_pub_rand_x4_hrall_bic_f1,awex,AWE_047,09,AWE_047_09,0,4,144,bic,36.688,0.941108,34.98362,0.990684,4,0.030281,34.427086,63.006203,37.931348,0.954251,0.162548,0.159308,0.656,cuda
N2_disp26-zero+xearvn_pub_rand_x4_hrall_bic_f1,awex,AWE_053,09,AWE_053_09,0,4,144,bic,34.040134,0.88109,32.446445,0.978858,4,0.043879,32.229864,66.7958,37.391861,0.925355,0.22461,0.196596,0.658,cuda
N2_disp26-zero+xearvn_pub_rand_x4_hrall_bic_f1,awex,AWE_066,01,AWE_066_01,0,4,144,bic,38.837451,0.946039,37.147711,0.989537,4,0.026773,36.479834,64.254118,40.195342,0.96139,0.164013,0.148412,0.669,cuda
N2_disp26-zero+xearvn_pub_rand_x4_hrall_bic_f1,awex,AWE_078,05,AWE_078_05,0,4,144,bic,41.436913,0.964079,39.28778,0.992319,4,0.02346,39.350659,75.708221,42.199852,0.968016,0.108308,0.169481,0.713,cuda
N2_disp26-zero+xearvn_pub_rand_x4_hrall_bic_f1,awex,AWE_083,02,AWE_083_02,0,4,144,bic,40.765692,0.967113,38.932664,0.992488,4,0.024249,38.46778,65.39291,42.170217,0.97516,0.074227,0.109305,0.667,cuda
N2_disp26-zero+xearvn_pub_rand_x4_hrall_bic_f1,awex,AWE_083,03,AWE_083_03,0,4,144,bic,39.690716,0.961293,37.627528,0.993392,4,0.016667,37.655461,64.732317,39.671157,0.967785,0.150148,0.140498,0.655,cuda
N2_disp26-zero+xearvn_pub_rand_x4_hrall_bic_f1,awex,AWE_083,07,AWE_083_07,0,4,144,bic,37.717118,0.925191,36.193559,0.984417,4,0.032053,35.721902,71.959656,39.531172,0.948127,0.21567,0.187608,0.715,cuda
N2_disp26-zero+xearvn_pub_rand_x4_hrall_bic_f1,awex,AWE_090,09,AWE_090_09,0,4,144,bic,32.748689,0.852725,31.203694,0.973614,4,0.041533,30.899129,65.999693,32.286957,0.84834,0.335661,0.185585,0.671,cuda
N2_disp26-zero+xearvn_pub_rand_x4_hrall_bic_f1,awex,AWE_093,07,AWE_093_07,0,4,144,bic,32.590035,0.832106,31.224377,0.965171,4,0.051869,30.31976,63.441142,32.787788,0.837766,0.291074,0.177574,0.659,cuda
N2_disp26-zero+xearvn_pub_rand_x4_hrall_bic_f1,awex,AWE_097,08,AWE_097_08,0,4,144,bic,32.730612,0.899976,31.171168,0.982602,4,0.043682,30.664462,62.954721,35.729912,0.923395,0.229255,0.169896,0.683,cuda
N2_disp26-zero+xearvn_pub_rand_x4_hrall_bic_f1,awex,AWE_098,04,AWE_098_04,0,4,144,bic,43.074396,0.976881,41.237644,0.996049,4,0.012617,41.496578,68.364616,44.91381,0.981083,0.087249,0.117169,0.686,cuda
N2_disp26-zero+xearvn_pub_rand_x4_hrall_bic_f1,awex,CVLE_10,122,CVLE_10_122,0,4,144,bic,33.421275,0.905807,32.036249,0.983635,4,0.038921,30.94938,60.412019,33.015294,0.909462,0.348574,0.194846,0.626,cuda
N2_disp26-zero+xearvn_pub_rand_x4_hrall_bic_f1,awex,CVLE_13,12,CVLE_13_12,0,4,144,bic,38.775341,0.92676,33.454089,0.988954,4,0.010883,37.616285,64.450073,38.650252,0.932123,0.328647,0.188941,0.657,cuda
N2_disp26-zero+xearvn_pub_rand_x4_hrall_bic_f1,awex,CVLE_13,309,CVLE_13_309,0,4,144,bic,41.18855,0.968107,39.84615,0.99522,4,0.009345,39.410785,64.046339,43.475123,0.977992,0.115661,0.168263,0.642,cuda
N2_disp26-zero+xearvn_pub_rand_x4_hrall_bic_f1,awex,CVLE_15,266,CVLE_15_266,0,4,144,bic,38.131255,0.894776,36.570466,0.981005,4,0.01731,36.58942,74.204275,38.092296,0.890483,0.505631,0.22948,0.658,cuda
N2_disp26-zero+xearvn_pub_rand_x4_hrall_bic_f1,awex,CVLE_15,293,CVLE_15_293,0,4,144,bic,38.674126,0.9241,36.959908,0.986937,4,0.023531,37.041602,64.59335,38.962598,0.921521,0.33039,0.192633,0.648,cuda
N2_disp26-zero+xearvn_pub_rand_x4_hrall_bic_f1,awex,CVLE_15,375,CVLE_15_375,0,4,144,bic,40.858129,0.969634,38.714634,0.994753,4,0.018609,38.668756,66.266579,43.987485,0.980315,0.097297,0.124288,0.686,cuda
N2_disp26-zero+xearvn_pub_rand_x4_hrall_bic_f1,awex,CVLE_15,75,CVLE_15_75,0,4,144,bic,41.321954,0.949282,39.248662,0.991405,4,0.012041,39.963868,68.880569,41.48521,0.949206,0.241032,0.171967,0.675,cuda
N2_disp26-zero+xearvn_pub_rand_x4_hrall_bic_f1,awex,NEW_003,03,NEW_003_03,0,4,144,bic,36.762869,0.928475,35.349713,0.988068,4,0.028269,34.463739,68.441069,39.514685,0.947583,0.267127,0.161375,0.653,cuda
N2_disp26-zero+xearvn_pub_rand_x4_hrall_bic_f1,awex,NEW_013,10,NEW_013_10,0,4,144,bic,32.747677,0.866626,31.313121,0.977546,4,0.040099,30.879944,65.213705,33.147122,0.88763,0.284103,0.184572,0.667,cuda
N2_disp26-zero+xearvn_pub_rand_x4_hrall_bic_f1,awex,NEW_017,07,NEW_017_07,0,4,144,bic,29.613652,0.819447,28.193031,0.962464,4,0.065527,27.010099,62.222684,29.879991,0.837343,0.227751,0.180265,0.665,cuda
N2_disp26-zero+xearvn_pub_rand_x4_hrall_bic_f1,awex,NEW_033,01,NEW_033_01,0,4,144,bic,39.690377,0.970339,37.832547,0.995124,4,0.019989,37.971179,64.222287,42.87408,0.978578,0.069126,0.121824,0.654,cuda
N2_disp26-zero+xearvn_pub_rand_x4_hrall_bic_f1,awex,NEW_040,06,NEW_040_06,0,4,144,bic,40.740467,0.967165,38.808966,0.994616,4,0.013066,38.911854,65.39333,43.353465,0.973737,0.129528,0.133931,0.693,cuda
N2_disp26-zero+xearvn_pub_rand_x4_hrall_bic_f1,awex,NEW_050,05,NEW_050_05,0,4,144,bic,37.366705,0.926937,35.649513,0.987433,4,0.02929,35.272667,60.461639,39.06262,0.944065,0.206053,0.188047,0.655,cuda
N2_disp26-zero+xearvn_pub_rand_x4_hrall_bic_f1,awex,NEW_052,05,NEW_052_05,0,4,144,bic,36.03683,0.920432,34.504027,0.987218,4,0.030308,34.047337,63.406127,37.382759,0.934385,0.209687,0.165258,0.678,cuda
N2_disp26-zero+xearvn_pub_rand_x4_hrall_bic_f1,awex,NEW_052,09,NEW_052_09,0,4,144,bic,36.299954,0.891182,34.776861,0.984075,4,0.02941,35.08426,73.288825,37.701612,0.9115,0.297646,0.219935,0.639,cuda
N2_disp26-zero+xearvn_pub_rand_x4_hrall_bic_f1,awex,NEW_056,05,NEW_056_05,0,4,144,bic,31.533583,0.841848,30.031422,0.971412,4,0.060608,29.56486,63.358925,35.477582,0.915156,0.244941,0.195744,0.668,cuda
N2_disp26-zero+xearvn_pub_rand_x4_hrall_bic_f1,awex,NEW_058,07,NEW_058_07,0,4,144,bic,35.541093,0.918975,34.083212,0.984096,4,0.040477,33.256003,67.444242,37.1141,0.939872,0.139891,0.130233,0.654,cuda
N2_disp26-zero+xearvn_pub_rand_x4_hrall_bic_f1,awex,NEW_059,07,NEW_059_07,0,4,144,bic,41.325071,0.974236,39.254733,0.99573,4,0.015912,39.353531,67.182963,42.561042,0.983127,0.067549,0.122582,0.653,cuda
N2_disp26-zero+xearvn_pub_rand_x4_hrall_bic_f1,awex,NEW_059,09,NEW_059_09,0,4,144,bic,35.945122,0.923345,34.302919,0.984473,4,0.039439,33.956214,68.258918,36.734049,0.941274,0.131393,0.164946,0.687,cuda
N2_disp26-zero+xearvn_pub_rand_x4_hrall_bic_f1,awex,NEW_060,05,NEW_060_05,0,4,144,bic,42.021864,0.974595,40.380775,0.994912,4,0.014011,40.173922,69.085557,45.680377,0.982433,0.093381,0.107275,0.66,cuda
N2_disp26-zero+xearvn_pub_rand_x4_hrall_bic_f1,awex,NEW_069,04,NEW_069_04,0,4,144,bic,36.300103,0.904073,34.763943,0.985174,4,0.025373,34.58801,64.601253,38.437501,0.932618,0.274047,0.208189,0.644,cuda
N2_disp26-zero+xearvn_pub_rand_x4_hrall_bic_f1,awex,NEW_069,06,NEW_069_06,0,4,144,bic,38.822404,0.943808,37.125298,0.991186,4,0.018172,36.993092,68.202409,38.948256,0.94842,0.131732,0.184572,0.661,cuda
N2_disp26-zero+xearvn_pub_rand_x4_hrall_bic_f1,awex,NEW_092,04,NEW_092_04,0,4,144,bic,33.179854,0.874189,31.715711,0.978196,4,0.05066,30.755275,62.761334,35.658548,0.906534,0.213998,0.201488,0.673,cuda
N2_disp26-zero+xearvn_pub_rand_x4_hrall_bic_f1,awex,NEW_096,01,NEW_096_01,0,4,144,bic,38.25497,0.949921,36.542728,0.992334,4,0.025502,36.513732,67.247256,41.282701,0.96934,0.15245,0.166515,0.683,cuda
N2_disp26-zero+xearvn_pub_rand_x4_hrall_bic_f1,awex,NEW_098,06,NEW_098_06,0,4,144,bic,40.346127,0.945059,37.91558,0.989969,4,0.022959,38.321638,72.543593,41.88812,0.962228,0.189848,0.172296,0.657,cuda
N2_disp26-zero+xearvn_pub_rand_x4_hrall_bic_f1,awex,NEW_100,02,NEW_100_02,0,4,144,bic,31.205205,0.841926,29.724619,0.971,4,0.044188,29.14175,66.549682,33.259779,0.870371,0.294847,0.202198,0.666,cuda
N2_disp26-zero+xearvn_pub_rand_x4_hrall_bic_f1,awex,NEW_104,05,NEW_104_05,0,4,144,bic,37.824599,0.923006,36.447994,0.986262,4,0.018917,36.127577,76.181094,36.275721,0.90895,0.330231,0.220032,0.697,cuda
N2_disp26-zero+xearvn_pub_rand_x4_hrall_bic_f1,awex,NEW_108,06,NEW_108_06,0,4,144,bic,39.36842,0.964173,37.385872,0.993108,4,0.02455,37.520431,64.74468,40.24312,0.965872,0.081707,0.113591,0.668,cuda
N2_disp26-zero+xearvn_pub_rand_x4_hrall_bic_f1,awex,NEW_116,04,NEW_116_04,0,4,144,bic,30.828202,0.88661,28.919888,0.981983,4,0.04494,28.784281,58.181036,33.762161,0.91274,0.201644,0.195062,0.684,cuda
N2_disp26-zero+xearvn_pub_rand_x4_hrall_bic_f1,awex,NEW_122,06,NEW_122_06,0,4,144,bic,34.243515,0.850243,32.807738,0.967119,4,0.049906,32.013416,72.722044,35.388049,0.876825,0.238726,0.226905,0.664,cuda
N2_disp26-zero+xearvn_pub_rand_x4_hrall_bic_f1,awex,NEW_133,05,NEW_133_05,0,4,144,bic,36.930822,0.928185,34.502183,0.990104,4,0.019309,35.196346,67.469646,36.189434,0.927968,0.248432,0.196125,0.632,cuda
N2_disp26-zero+xearvn_pub_rand_x4_hrall_bic_f1,awex,NEW_139,08,NEW_139_08,0,4,144,bic,39.202791,0.964758,36.918319,0.99514,4,0.021341,37.324929,64.827339,40.399282,0.96594,0.133458,0.169868,0.691,cuda
N2_disp26-zero+xearvn_pub_rand_x4_hrall_bic_f1,awex,NEW_181,02,NEW_181_02,0,4,144,bic,28.654414,0.837343,27.289978,0.96882,4,0.063798,26.430561,63.795171,30.374983,0.897153,0.352815,0.2215,0.683,cuda
N2_disp26-zero+xearvn_pub_rand_x4_hrall_bic_f1,awex,NEW_181,05,NEW_181_05,0,4,144,bic,28.860533,0.816762,27.353713,0.973979,4,0.051653,27.814943,60.131949,31.666116,0.863154,0.249745,0.246544,0.661,cuda
N2_disp26-zero+xearvn_pub_rand_x4_hrall_bic_f1,awex,NEW_184,05,NEW_184_05,0,4,144,bic,34.584108,0.900653,32.998105,0.985765,4,0.031871,33.280816,65.216926,34.784378,0.908315,0.380752,0.245398,0.668,cuda
N2_disp26-zero+xearvn_pub_rand_x4_hrall_bic_f1,awex,NEW_187,05,NEW_187_05,0,4,144,bic,30.875013,0.904453,29.333396,0.981234,4,0.05675,28.76906,61.182981,34.47137,0.952226,0.138356,0.200906,0.67,cuda
N2_disp26-zero+xearvn_pub_rand_x4_hrall_bic_f1,awex,NEW_194,04,NEW_194_04,0,4,144,bic,29.179734,0.845882,27.564755,0.978152,4,0.068118,27.185554,61.115462,31.993546,0.927769,0.295013,0.201725,0.645,cuda
N2_disp26-zero+xearvn_pub_rand_x4_hrall_bic_f1,awex,NEW_196,02,NEW_196_02,0,4,144,bic,40.423611,0.979145,38.434226,0.996546,4,0.013476,37.788684,63.595206,44.16768,0.989318,0.053317,0.089023,0.701,cuda
N2_disp26-zero+xearvn_pub_rand_x4_hrall_bic_f1,awex,NEW_212,04,NEW_212_04,0,4,144,bic,35.460787,0.906686,33.627726,0.98505,4,0.041145,33.205442,59.994169,37.73612,0.928462,0.215846,0.186249,0.694,cuda
N2_disp26-zero+xearvn_pub_rand_x4_hrall_bic_f1,awex,NEW_213,09,NEW_213_09,0,4,144,bic,33.648693,0.861764,32.256956,0.969566,4,0.047924,31.282006,66.993546,33.484607,0.858573,0.223578,0.190774,0.648,cuda
N2_disp26-zero+xearvn_pub_rand_x4_hrall_bic_f1,awex,NEW_214,04,NEW_214_04,0,4,144,bic,42.776742,0.976243,40.294354,0.995819,4,0.016778,40.566129,72.305764,45.798402,0.986284,0.051036,0.097417,0.666,cuda
N2_disp26-zero+xearvn_pub_rand_x4_hrall_bic_f1,awex,NEW_218,10,NEW_218_10,0,4,144,bic,30.436157,0.754487,29.11178,0.962612,4,0.042061,29.806662,65.473399,30.542453,0.751473,0.563382,0.383983,0.683,cuda
